关卡,蓝球,红球,绿球,黄球,紫球,总行数,石头,雪块,炸弹,彩虹球,燃烧瓶,蓝分裂球,红分裂球,绿分裂球,黄分裂球,紫分裂球,钥匙,锁定球,收集目标1,收集目标2,发射球数量,通关率
1,12,13,0,0,0,8,0,0,0,0,0,0,0,0,0,0,0,0,6,-,13,97.0%
2,19,8,16,0,0,8,0,0,0,0,0,0,0,0,0,0,0,0,11,-,24,97.0%
3,19,15,12,0,0,8,0,0,0,0,0,0,0,0,0,0,0,0,12,-,24,97.0%
4,20,12,15,0,0,8,0,0,0,0,0,0,0,0,0,0,0,0,G:6,-,23,97.0%
5,20,9,19,0,0,8,0,0,0,0,0,0,0,0,0,0,0,0,12,-,24,97.0%
6,20,15,13,0,0,8,0,0,0,0,0,0,0,0,0,0,0,0,12,-,24,97.0%
7,20,13,16,0,0,8,0,0,0,0,0,0,0,0,0,0,0,0,12,-,24,97.0%
8,12,9,17,12,0,8,0,0,0,0,0,0,0,0,0,0,0,0,R:4,-,22,97.0%
9,15,8,13,15,0,8,0,0,0,0,0,0,0,0,0,0,0,0,13,-,24,97.0%
10,12,12,11,13,0,8,1,0,0,0,0,0,0,0,0,0,0,0,12,-,24,97.0%
11,11,15,12,5,0,8,2,0,0,0,0,0,0,0,0,0,0,0,11,-,25,97.0%
12,16,8,16,9,0,8,0,0,0,1,0,0,0,0,0,0,0,0,R:4,-,22,97.0%
13,16,11,11,12,0,8,0,0,0,1,0,0,0,0,0,0,0,0,13,-,24,97.0%
14,11,13,11,0,15,8,1,0,1,0,0,0,0,0,0,0,0,0,13,-,24,97.0%
15,12,12,7,0,13,8,2,0,1,0,0,0,0,0,0,0,0,0,11,-,24,97.0%
16,15,12,13,0,15,8,0,1,0,0,0,0,0,0,0,0,0,0,R:5,雪球:1,23,97.0%
17,15,9,11,0,13,8,0,1,1,0,0,0,0,0,0,0,0,0,12,雪球:1,25,97.0%
18,15,12,9,0,13,8,1,1,0,0,0,0,0,0,0,0,0,0,12,雪球:1,25,96.2%
19,16,11,9,0,12,8,1,1,1,0,0,0,0,0,0,0,0,0,12,雪球:1,25,97.0%
20,15,8,11,0,5,8,2,1,1,1,0,0,0,0,0,0,0,0,R:4,雪球:1,23,97.0%
21,10,7,11,10,0,8,1,1,1,1,0,0,0,0,0,0,0,0,10,雪球:1,24,97.0%
22,13,4,11,8,0,8,1,1,1,1,0,0,0,0,0,0,0,0,9,雪球:1,24,97.0%
23,11,3,10,9,0,8,2,1,1,1,0,0,0,0,0,0,0,0,8,雪球:1,24,97.0%
24,12,8,12,10,0,8,2,1,1,1,0,0,0,0,0,0,0,0,R:4,雪球:1,23,97.0%
25,10,9,12,7,0,8,2,1,1,1,0,0,0,0,0,0,0,0,10,雪球:1,25,97.0%
26,9,6,13,9,0,8,2,1,1,1,0,0,0,0,0,0,0,0,9,雪球:1,25,97.0%
27,12,6,9,9,0,8,2,2,1,1,0,0,0,0,0,0,0,0,9,雪球:2,25,97.0%
28,7,7,9,10,0,8,2,2,1,1,0,0,0,0,0,0,0,0,R:4,雪球:2,24,97.0%
29,7,11,10,5,0,8,3,2,1,1,0,0,0,0,0,0,0,0,8,雪球:2,26,97.0%
30,10,7,9,6,0,8,3,2,1,2,0,0,0,0,0,0,0,0,8,雪球:2,25,97.0%
31,6,8,11,7,0,8,3,2,1,2,0,0,0,0,0,0,0,0,8,雪球:2,25,97.0%
32,6,7,11,8,0,8,3,2,2,2,0,0,0,0,0,0,0,0,R:4,雪球:2,24,97.0%
33,6,6,8,6,0,8,3,2,2,2,0,0,0,0,0,0,0,0,7,雪球:2,25,97.0%
34,7,7,10,2,0,8,4,2,2,2,0,0,0,0,0,0,0,0,7,雪球:2,25,97.0%
35,7,5,8,6,0,8,4,2,2,2,0,0,0,0,0,0,0,0,7,雪球:2,25,97.0%
36,9,5,8,3,0,8,4,2,2,2,0,0,0,0,0,0,0,0,R:4,雪球:2,25,97.0%
37,5,9,7,4,0,8,4,2,3,2,0,0,0,0,0,0,0,0,7,雪球:2,25,97.0%
38,8,4,9,2,0,8,5,2,3,3,0,0,0,0,0,0,0,0,6,雪球:2,25,97.0%
39,2,4,6,5,0,8,6,2,3,3,0,0,0,0,0,0,0,0,5,雪球:2,25,97.0%
40,1,4,2,2,0,8,6,2,5,4,0,0,0,0,0,0,0,0,R:4,雪球:2,24,97.0%
41,15,20,16,16,0,8,0,1,0,0,1,0,0,0,0,0,0,0,17,雪球:1,26,88.0%
42,16,14,18,18,0,8,0,1,1,0,1,0,0,0,0,0,0,0,17,雪球:1,26,93.2%
43,15,17,22,23,0,9,0,1,0,0,1,0,0,0,0,0,0,0,19,雪球:1,27,85.1%
44,19,18,18,22,0,9,0,1,0,0,1,0,0,0,0,0,0,0,R:7,雪球:1,25,97.0%
45,20,20,18,17,0,9,1,1,0,1,1,0,0,0,0,0,0,0,19,雪球:1,27,90.1%
46,17,18,21,21,0,9,0,1,0,0,1,0,0,0,0,0,0,0,19,雪球:1,27,85.1%
47,22,19,18,18,0,9,0,1,0,0,1,0,0,0,0,0,0,0,19,雪球:1,27,85.1%
48,19,17,18,23,0,9,0,1,0,0,1,0,0,0,0,0,0,0,R:6,雪球:1,24,97.0%
49,9,10,30,27,0,9,0,1,1,0,1,0,0,0,0,0,0,0,19,雪球:1,27,90.8%
50,21,14,17,24,0,9,1,1,0,0,1,0,0,0,0,0,0,0,19,雪球:1,28,87.2%
51,23,18,18,18,0,9,0,1,0,0,1,0,0,0,0,0,0,0,19,雪球:1,27,85.2%
52,18,18,19,22,0,9,0,1,0,0,1,0,0,0,0,0,0,0,R:7,雪球:1,25,97.0%
53,16,16,23,22,0,9,0,1,0,0,1,0,0,0,0,0,0,0,19,雪球:1,27,85.2%
54,18,18,18,22,0,9,0,1,0,1,1,0,0,0,0,0,0,0,19,雪球:1,27,92.0%
55,20,19,19,17,0,9,1,1,0,0,2,0,0,0,0,0,0,0,19,雪球:1,28,86.0%
56,17,18,21,18,0,9,0,2,1,0,2,0,0,0,0,0,0,0,R:7,雪球:2,26,97.0%
57,19,22,17,18,0,9,0,1,0,0,2,0,0,0,0,0,0,0,19,雪球:1,28,88.1%
58,17,20,23,16,0,9,0,1,0,0,2,0,0,0,0,0,0,0,19,雪球:1,28,88.1%
59,9,10,27,30,0,9,0,1,0,0,2,0,0,0,0,0,0,0,19,雪球:1,28,88.1%
60,14,22,23,16,0,9,1,1,0,0,2,0,0,0,0,0,0,0,R:8,雪球:1,26,97.0%
61,18,23,18,18,0,9,0,1,0,0,0,0,0,1,0,0,0,0,G:10,雪球:1,25,92.2%
62,18,18,19,22,0,9,0,1,0,0,0,1,0,0,0,0,0,0,B:10,雪球:1,25,92.2%
63,16,17,22,20,0,9,0,1,1,1,0,0,0,0,1,0,0,0,Y:10,雪球:1,24,97.0%
64,18,17,21,21,0,9,0,1,0,0,0,0,1,0,0,0,0,0,R:9,雪球:1,25,95.7%
65,19,22,17,18,0,9,1,1,0,0,0,0,0,1,0,0,0,0,G:9,雪球:1,25,94.3%
66,19,18,22,18,0,9,0,1,0,0,0,1,0,0,0,0,0,0,B:10,雪球:1,25,92.9%
67,22,19,18,18,0,9,0,1,0,0,0,0,0,0,1,0,0,0,Y:10,雪球:1,25,92.2%
68,20,16,18,23,0,9,0,1,0,0,0,0,1,0,0,0,0,0,R:9,雪球:1,25,95.2%
69,10,10,27,30,0,9,0,1,0,0,0,0,0,1,0,0,0,0,G:13,雪球:1,26,86.4%
70,22,15,17,21,0,9,1,1,1,0,0,1,0,0,0,0,0,0,B:11,雪球:1,25,93.2%
71,23,18,18,18,0,9,0,1,0,0,0,0,0,0,1,0,0,0,Y:10,雪球:1,25,92.2%
72,17,18,19,22,0,9,0,1,0,1,0,0,1,0,0,0,0,0,R:10,雪球:1,25,97.0%
73,17,16,22,22,0,9,0,1,0,0,0,0,0,1,0,0,0,0,G:11,雪球:1,25,89.9%
74,18,18,22,19,0,9,0,1,0,0,0,1,0,0,0,0,0,0,B:10,雪球:1,25,92.2%
75,9,20,15,24,8,9,1,1,0,0,0,0,1,0,0,0,0,0,R:10,雪球:1,26,94.5%
76,8,19,21,12,17,9,0,1,0,0,0,0,0,1,0,0,0,0,G:11,雪球:1,25,89.2%
77,9,20,18,19,10,9,0,1,1,0,0,1,0,0,0,0,0,0,B:7,雪球:1,24,97.0%
78,9,22,16,11,19,9,0,1,0,0,0,0,0,0,1,0,0,0,Y:7,雪球:1,24,97.0%
79,17,23,11,11,15,9,0,1,0,0,0,0,0,0,0,1,0,0,P:9,雪球:1,25,94.6%
80,10,23,13,21,9,9,1,1,0,0,0,0,1,0,0,0,0,0,R:11,雪球:1,26,92.0%
81,20,12,14,10,19,9,0,1,0,1,0,0,0,0,0,0,1,1,19,雪球:1,28,94.2%
82,17,22,9,20,8,9,0,1,0,0,0,0,0,0,0,0,1,1,19,雪球:1,28,88.8%
83,10,18,17,9,22,9,0,1,0,0,0,0,0,0,0,0,1,1,19,雪球:1,28,88.8%
84,20,17,19,9,9,9,0,2,1,0,0,0,0,0,0,0,1,1,P:4,雪球:2,25,97.0%
85,9,20,15,23,8,9,1,1,0,0,0,0,0,0,0,0,1,1,19,雪球:1,28,86.8%
86,9,18,20,12,17,9,0,1,0,0,0,0,0,0,0,0,1,1,19,雪球:1,28,88.8%
87,8,22,18,18,10,9,0,1,0,0,0,0,0,0,0,0,1,1,19,雪球:1,28,88.8%
88,8,20,17,12,19,9,0,1,0,0,0,0,0,0,0,0,1,1,Y:5,雪球:1,25,97.0%
89,15,18,14,10,19,9,0,1,0,0,0,0,0,0,0,0,1,1,19,雪球:1,28,88.8%
90,9,22,11,22,10,9,1,1,0,1,0,0,0,0,0,0,1,1,19,雪球:1,28,92.8%
91,20,12,14,10,19,9,0,1,1,0,0,0,0,0,0,0,1,1,19,雪球:1,28,93.3%
92,20,22,9,17,8,9,0,1,0,0,0,0,0,0,0,0,1,1,B:7,雪球:1,25,97.0%
93,10,18,17,9,22,9,0,1,0,0,0,0,0,0,0,0,1,1,19,雪球:1,28,88.8%
94,18,17,22,9,10,9,0,1,0,0,0,0,0,0,0,0,1,1,19,雪球:1,28,88.8%
95,9,19,15,24,8,9,1,1,0,0,0,0,0,0,0,0,1,1,19,雪球:1,28,86.8%
96,9,18,20,12,17,9,0,1,0,0,0,0,0,0,0,0,1,1,G:7,雪球:1,25,97.0%
97,9,22,18,17,10,9,0,1,0,0,0,0,0,0,0,0,1,1,19,雪球:1,28,88.8%
98,9,20,15,12,19,9,0,1,1,0,0,0,0,0,0,0,1,1,19,雪球:1,28,93.3%
99,14,23,11,11,16,9,0,1,0,1,0,0,0,0,0,0,1,1,19,雪球:1,28,94.2%
100,11,22,10,22,10,9,1,1,0,0,0,0,0,0,0,0,1,1,R:8,雪球:1,26,97.0%
101,19,13,14,10,19,9,0,1,0,0,2,0,0,1,0,0,0,0,G:8,雪球:1,25,96.2%
102,17,22,9,19,8,9,0,1,0,0,2,1,0,0,0,0,0,0,B:9,雪球:1,26,96.3%
103,10,19,17,9,20,9,0,1,0,0,2,0,0,0,1,0,0,0,Y:7,雪球:1,25,96.3%
104,19,15,22,9,10,9,0,1,0,0,2,0,0,0,0,1,0,0,P:7,雪球:1,25,97.0%
105,9,19,15,22,8,9,1,1,1,0,2,0,1,0,0,0,0,0,R:10,雪球:1,26,96.1%
106,9,18,22,10,16,9,0,1,0,0,2,0,0,1,0,0,0,0,G:11,雪球:1,26,91.4%
107,8,22,19,16,10,9,0,1,0,0,2,1,0,0,0,0,0,0,B:6,雪球:1,25,97.0%
108,7,21,16,12,18,9,0,1,0,1,2,0,0,0,1,0,0,0,Y:8,雪球:1,25,97.0%
109,16,17,14,10,18,9,0,1,0,0,2,0,0,0,0,1,0,0,P:10,雪球:1,26,93.4%
110,10,20,11,22,11,9,1,1,0,0,2,0,1,0,0,0,0,0,R:10,雪球:1,26,92.8%
111,20,12,14,9,20,9,0,1,0,0,2,0,0,1,0,0,0,0,G:8,雪球:1,26,97.0%
112,18,20,8,19,8,9,0,2,1,0,2,1,0,0,0,0,0,0,B:10,雪球:2,27,95.5%
113,11,20,15,9,20,9,0,1,0,0,2,0,0,0,1,0,0,0,Y:7,雪球:1,25,96.4%
114,18,17,22,8,10,9,0,1,0,0,2,0,0,0,0,1,0,0,P:7,雪球:1,25,97.0%
115,10,20,13,22,9,9,1,1,0,0,2,0,1,0,0,0,0,0,R:10,雪球:1,26,92.9%
116,8,18,20,12,17,9,0,1,0,0,2,0,0,1,0,0,0,0,G:10,雪球:1,26,94.4%
117,9,17,19,19,10,9,0,1,0,1,2,1,0,0,0,0,0,0,B:7,雪球:1,25,97.0%
118,9,20,15,11,20,9,0,1,0,0,2,0,0,0,1,0,0,0,Y:7,雪球:1,25,97.0%
119,18,22,10,10,14,9,0,1,1,0,2,0,0,0,0,1,0,0,P:8,雪球:1,25,97.0%
120,11,23,10,19,10,9,1,1,0,0,2,0,2,0,0,0,0,0,R:15,雪球:1,28,72.4%
121,18,12,15,10,19,9,0,1,0,0,2,0,0,2,0,0,0,0,G:12,雪球:1,26,73.6%
122,19,20,9,18,8,9,0,1,0,0,2,2,0,0,0,0,0,0,B:13,雪球:1,27,78.7%
123,10,17,17,8,22,9,0,1,0,0,2,0,0,0,2,0,0,0,Y:9,雪球:1,26,82.2%
124,18,15,22,9,10,9,0,1,0,0,2,0,0,0,0,2,0,0,P:10,雪球:1,26,79.3%
125,10,19,15,21,8,9,1,1,0,0,2,0,2,0,0,0,0,0,R:13,雪球:1,27,76.0%
126,9,18,22,11,20,10,0,1,1,1,2,0,0,2,0,0,0,0,G:14,雪球:1,27,89.1%
127,10,22,21,19,10,10,0,1,0,0,2,2,0,0,0,0,0,0,B:10,雪球:1,26,78.2%
128,9,23,17,13,20,10,0,1,0,0,2,0,0,0,2,0,0,0,Y:11,雪球:1,27,82.7%
129,16,17,16,12,21,10,0,1,0,0,2,0,0,0,0,2,0,0,P:14,雪球:1,27,72.8%
130,11,26,14,19,11,10,1,1,0,0,2,0,2,0,0,0,0,0,R:16,雪球:1,28,67.9%
131,21,13,18,9,21,10,0,1,0,0,2,0,0,2,0,0,0,0,G:13,雪球:1,27,76.0%
132,21,23,10,19,9,10,0,1,0,0,2,2,0,0,0,0,0,0,B:14,雪球:1,27,72.8%
133,12,21,17,9,22,10,0,1,1,0,2,0,0,0,2,0,0,0,Y:10,雪球:1,26,81.8%
134,21,19,21,9,12,10,0,1,0,0,2,0,0,0,0,2,0,0,P:11,雪球:1,27,80.3%
135,10,18,16,26,10,10,1,1,0,1,2,0,2,0,0,0,0,0,R:13,雪球:1,27,82.2%
136,9,21,22,13,17,10,0,1,0,0,2,0,0,2,0,0,0,0,G:14,雪球:1,27,74.3%
137,9,23,21,18,11,10,0,1,0,0,2,2,0,0,0,0,0,0,B:10,雪球:1,26,74.3%
138,9,22,18,11,22,10,0,1,0,0,2,0,0,0,2,0,0,0,Y:10,雪球:1,26,81.3%
139,19,23,11,11,18,10,0,1,0,0,2,0,0,0,0,2,0,0,P:13,雪球:1,27,76.1%
140,12,24,11,21,11,10,1,2,1,0,2,0,2,0,0,0,0,0,R:15,雪球:2,29,78.0%
141,22,12,15,11,22,10,0,1,0,0,0,0,0,2,0,0,1,1,G:12,雪球:1,27,79.5%
142,21,23,9,20,9,10,0,1,0,0,0,2,0,0,0,0,1,1,B:14,雪球:1,27,73.7%
143,10,18,20,10,24,10,0,1,0,0,0,0,0,0,2,0,1,1,Y:10,雪球:1,27,84.4%
144,20,19,22,9,11,10,0,1,0,1,0,0,0,0,0,2,1,1,P:10,雪球:1,26,90.1%
145,10,22,17,23,9,10,1,1,0,0,0,0,2,0,0,0,1,1,R:14,雪球:1,28,78.2%
146,10,20,22,12,18,10,0,1,0,0,0,0,0,2,0,0,1,1,G:14,雪球:1,27,75.2%
147,9,22,21,19,10,10,0,1,1,0,0,2,0,0,0,0,1,1,B:10,雪球:1,26,82.7%
148,10,22,19,13,18,10,0,1,0,0,0,0,0,0,2,0,1,1,Y:11,雪球:1,27,83.5%
149,16,17,16,12,21,10,0,1,0,0,0,0,0,0,0,2,1,1,P:14,雪球:1,27,73.8%
150,10,24,13,22,12,10,1,1,0,0,0,0,2,0,0,0,1,1,R:15,雪球:1,28,73.6%
151,22,13,15,11,21,10,0,1,0,0,0,0,0,2,0,0,1,1,G:12,雪球:1,27,79.5%
152,22,24,9,19,8,10,0,1,0,0,0,2,0,0,0,0,1,1,B:14,雪球:1,27,75.2%
153,11,20,17,10,23,10,0,1,0,1,0,0,0,0,2,0,1,1,Y:10,雪球:1,26,87.7%
154,20,19,23,9,10,10,0,1,1,0,0,0,0,0,0,2,1,1,P:10,雪球:1,26,86.2%
155,10,21,14,27,9,10,1,1,0,0,0,0,2,0,0,0,1,1,R:14,雪球:1,28,77.0%
156,10,20,20,13,19,10,0,1,0,0,0,0,0,2,0,0,1,1,G:14,雪球:1,28,78.1%
157,9,23,20,19,11,10,0,1,0,0,0,2,0,0,0,0,1,1,B:10,雪球:1,27,81.1%
158,9,22,17,12,22,10,0,1,0,0,0,0,0,0,2,0,1,1,Y:11,雪球:1,27,81.2%
159,18,24,12,12,16,10,0,1,0,0,0,0,0,0,0,2,1,1,P:12,雪球:1,27,81.5%
160,11,22,13,22,11,10,1,1,0,0,0,0,2,0,0,0,2,2,R:14,雪球:1,29,81.4%
161,19,14,16,10,20,10,0,1,1,0,0,0,0,2,0,0,2,2,G:12,雪球:1,28,89.8%
162,22,22,9,18,8,10,0,1,0,1,0,2,0,0,0,0,2,2,B:14,雪球:1,28,86.6%
163,11,19,17,10,23,10,0,1,0,0,0,0,0,0,2,0,2,2,Y:10,雪球:1,27,82.5%
164,21,17,22,8,12,10,0,1,0,0,0,0,0,0,0,2,2,2,P:11,雪球:1,28,84.2%
165,10,18,16,26,9,10,1,1,0,0,0,0,2,0,0,0,2,2,R:13,雪球:1,29,82.8%
166,9,19,21,13,18,10,0,1,0,0,0,0,0,2,0,0,2,2,G:14,雪球:1,28,77.5%
167,10,23,21,17,9,10,0,1,0,0,0,2,0,0,0,0,2,2,B:10,雪球:1,27,82.6%
168,8,22,14,12,22,10,0,2,1,0,0,0,0,0,2,0,2,2,Y:11,雪球:2,28,83.9%
169,14,20,16,10,20,10,0,1,0,0,0,0,0,0,0,2,2,2,P:14,雪球:1,28,76.1%
170,9,24,13,22,11,10,1,1,0,0,0,0,2,0,0,0,2,2,R:15,雪球:1,29,77.2%
171,19,13,17,9,21,10,0,1,0,1,0,0,0,2,0,0,2,2,G:13,雪球:1,28,86.5%
172,21,23,10,19,7,10,0,1,0,0,0,2,0,0,0,0,2,2,B:14,雪球:1,28,77.6%
173,10,22,17,10,21,10,0,1,0,0,0,0,0,0,2,0,2,2,Y:10,雪球:1,28,87.1%
174,20,18,22,9,11,10,0,1,0,0,0,0,0,0,0,2,2,2,P:10,雪球:1,28,89.2%
175,9,18,16,26,9,10,1,1,1,0,0,0,2,0,0,0,2,2,R:13,雪球:1,28,84.4%
176,9,19,22,12,18,10,0,1,0,0,0,0,0,2,0,0,2,2,G:14,雪球:1,28,78.9%
177,10,22,22,17,9,10,0,1,0,0,0,2,0,0,0,0,2,2,B:10,雪球:1,28,87.1%
178,9,22,14,13,22,10,0,1,0,0,0,0,0,0,2,0,2,2,Y:11,雪球:1,28,86.3%
179,20,23,11,14,12,10,0,1,0,0,0,0,0,0,0,2,2,2,P:11,雪球:1,28,84.2%
180,10,24,12,22,10,10,1,1,0,1,0,0,2,0,0,0,2,2,R:15,雪球:1,29,84.9%
181,20,12,16,11,19,10,0,1,0,0,2,0,0,2,0,0,2,2,G:12,雪球:1,29,86.2%
182,17,24,7,22,7,10,0,1,1,0,2,2,0,0,0,0,2,2,B:13,雪球:1,29,86.8%
183,12,18,20,8,20,10,0,1,0,0,2,0,0,0,2,0,2,2,Y:9,雪球:1,28,87.0%
184,21,17,21,8,11,10,0,1,0,0,2,0,0,0,0,2,2,2,P:10,雪球:1,28,87.1%
185,11,21,17,21,7,10,1,1,0,0,2,0,2,0,0,0,2,2,R:14,雪球:1,30,82.4%
186,9,18,22,12,17,10,0,1,0,0,2,0,0,2,0,0,2,2,G:14,雪球:1,29,81.2%
187,9,19,22,18,10,10,0,1,0,0,2,2,0,0,0,0,2,2,B:10,雪球:1,28,81.6%
188,9,22,18,13,16,10,0,1,0,0,2,0,0,0,2,0,2,2,Y:11,雪球:1,29,87.9%
189,14,18,12,12,20,10,0,1,1,1,2,0,0,0,0,2,2,2,P:14,雪球:1,29,91.0%
190,10,23,13,21,10,10,1,1,0,0,2,0,2,0,0,0,2,2,R:15,雪球:1,30,78.5%
191,21,13,14,9,21,10,0,1,0,0,2,0,0,2,0,0,2,2,G:11,雪球:1,29,89.4%
192,21,22,8,18,9,10,0,1,0,0,2,2,0,0,0,0,2,2,B:14,雪球:1,29,80.1%
193,12,19,17,9,21,10,0,1,0,0,2,0,0,0,2,0,2,2,Y:10,雪球:1,28,81.6%
194,18,19,23,9,9,10,0,1,0,0,2,0,0,0,0,2,2,2,P:10,雪球:1,28,81.6%
195,10,23,14,23,7,10,1,1,0,0,2,0,2,0,0,0,2,2,R:15,雪球:1,30,78.6%
196,9,18,20,12,17,10,0,2,1,0,2,0,0,2,0,0,2,2,G:14,雪球:2,30,83.1%
197,8,22,17,20,11,10,0,1,0,0,2,2,0,0,0,0,2,2,B:9,雪球:1,28,87.0%
198,8,20,18,12,19,10,0,1,0,1,2,0,0,0,2,0,2,2,Y:11,雪球:1,28,88.9%
199,18,23,9,11,17,10,0,1,0,0,2,0,0,0,0,2,2,2,P:13,雪球:1,29,81.2%
200,13,22,9,22,11,10,1,1,0,0,2,0,2,0,0,0,2,2,R:14,雪球:1,30,83.5%
201,21,14,17,11,19,10,1,1,1,0,2,0,0,0,0,0,0,0,21,雪球:1,29,89.2%
202,21,22,9,21,9,10,1,1,1,0,2,0,0,0,0,0,0,0,21,雪球:1,29,89.2%
203,12,18,20,10,22,10,1,1,1,0,2,0,0,0,0,0,0,0,21,雪球:1,29,89.2%
204,21,17,23,9,12,10,1,1,1,0,2,0,0,0,0,0,0,0,P:5,雪球:1,26,97.0%
205,11,21,18,23,9,10,1,1,1,0,2,0,0,0,0,0,0,0,21,雪球:1,29,89.2%
206,10,19,22,13,18,10,1,1,1,0,2,0,0,0,0,0,0,0,21,雪球:1,29,89.2%
207,10,19,22,21,9,10,1,1,1,1,2,0,0,0,0,0,0,0,21,雪球:1,29,94.2%
208,8,23,17,13,21,10,1,1,1,0,2,0,0,0,0,0,0,0,Y:5,雪球:1,26,97.0%
209,15,19,14,12,22,10,1,1,1,0,2,0,0,0,0,0,0,0,21,雪球:1,29,89.2%
210,12,27,15,24,12,11,1,2,1,0,2,0,0,0,0,0,0,0,23,雪球:2,31,85.3%
211,23,16,18,10,24,11,1,1,1,0,2,0,0,0,0,0,0,0,23,雪球:1,30,86.9%
212,23,26,10,21,10,11,1,2,1,0,2,0,0,0,0,0,0,0,B:9,雪球:2,28,97.0%
213,13,24,21,10,23,11,1,1,1,0,2,0,0,0,0,0,0,0,23,雪球:1,30,86.9%
214,23,21,25,11,11,11,1,1,1,0,2,0,0,0,0,0,0,0,24,雪球:1,30,84.2%
215,11,21,19,30,10,11,1,1,1,0,2,0,0,0,0,0,0,0,24,雪球:1,30,84.2%
216,9,20,26,15,19,11,1,2,1,1,2,0,0,0,0,0,0,0,G:10,雪球:2,28,97.0%
217,10,26,23,19,12,11,1,2,1,0,2,0,0,0,0,0,0,0,23,雪球:2,31,85.4%
218,11,24,20,12,24,11,1,1,1,0,2,0,0,0,0,0,0,0,24,雪球:1,30,84.3%
219,22,26,11,15,17,11,1,1,1,0,2,0,0,0,0,0,0,0,24,雪球:1,30,84.3%
220,14,28,13,23,12,11,1,2,1,0,2,0,0,0,0,0,0,0,R:11,雪球:2,28,96.2%
221,22,16,18,12,23,11,1,1,1,0,2,0,0,0,0,0,0,0,24,雪球:1,30,84.3%
222,21,26,10,24,10,11,1,1,1,0,2,0,0,0,0,0,0,0,24,雪球:1,30,84.3%
223,12,23,22,11,23,11,1,1,1,0,2,0,0,0,0,0,0,0,24,雪球:1,30,84.3%
224,23,20,26,9,12,11,1,2,1,0,2,0,0,0,0,0,0,0,P:5,雪球:2,27,97.0%
225,11,25,17,28,9,11,1,1,1,1,2,0,0,0,0,0,0,0,23,雪球:1,30,92.4%
226,11,21,27,11,21,11,1,1,1,0,2,0,0,0,0,0,0,0,24,雪球:1,31,87.9%
227,9,24,23,23,12,11,1,1,1,0,2,0,0,0,0,0,0,0,24,雪球:1,31,87.9%
228,9,26,20,15,20,11,1,2,1,0,2,0,0,0,0,0,0,0,Y:6,雪球:2,27,97.0%
229,20,19,17,13,22,11,1,1,1,0,2,0,0,0,0,0,0,0,24,雪球:1,31,87.9%
230,10,26,16,26,13,11,1,1,1,0,2,0,0,0,0,0,0,0,24,雪球:1,31,87.9%
231,24,15,17,10,24,11,1,2,1,0,2,0,0,0,0,0,0,0,23,雪球:2,31,85.4%
232,24,24,10,22,10,11,1,2,1,0,2,0,0,0,0,0,0,0,B:9,雪球:2,28,97.0%
233,13,25,17,11,25,11,1,1,1,0,2,0,0,0,0,0,0,0,24,雪球:1,31,87.9%
234,22,20,26,10,12,11,1,1,1,1,2,0,0,0,0,0,0,0,23,雪球:1,30,92.4%
235,12,23,16,30,10,11,1,1,1,0,2,0,0,0,0,0,0,0,24,雪球:1,31,87.9%
236,9,21,24,15,21,11,1,2,1,0,2,0,0,0,0,0,0,0,G:9,雪球:2,28,97.0%
237,10,24,22,23,12,11,1,1,1,0,2,0,0,0,0,0,0,0,24,雪球:1,31,87.9%
238,10,24,20,12,24,11,1,2,1,0,2,0,0,0,0,0,0,0,23,雪球:2,31,85.4%
239,22,27,12,13,17,11,1,1,1,0,2,0,0,0,0,0,0,0,24,雪球:1,31,87.9%
240,14,27,13,24,12,11,1,2,1,0,2,0,0,0,0,0,0,0,R:10,雪球:2,28,97.0%
241,22,16,19,12,22,11,1,1,1,0,2,0,0,0,0,0,0,0,24,雪球:1,31,87.9%
242,21,27,11,23,9,11,1,1,1,0,2,0,0,0,0,0,0,0,24,雪球:1,31,87.9%
243,13,20,22,11,24,11,1,1,1,1,2,0,0,0,0,0,0,0,23,雪球:1,30,92.4%
244,23,19,26,9,13,11,1,2,1,0,2,0,0,0,0,0,0,0,P:5,雪球:2,27,97.0%
245,12,23,19,26,10,11,1,2,1,0,2,0,0,0,0,0,0,0,23,雪球:2,31,85.5%
246,11,21,24,15,20,11,1,1,1,0,2,0,0,0,0,0,0,0,24,雪球:1,31,87.9%
247,11,23,23,23,11,11,1,1,1,0,2,0,0,0,0,0,0,0,24,雪球:1,31,88.0%
248,8,25,19,15,23,11,1,2,1,0,2,0,0,0,0,0,0,0,Y:6,雪球:2,28,97.0%
249,18,21,17,12,23,11,1,1,1,0,2,0,0,0,0,0,0,0,24,雪球:1,31,88.0%
250,12,28,16,23,12,11,1,1,1,0,2,0,0,0,0,0,0,0,24,雪球:1,31,88.0%
251,23,16,18,10,24,11,1,1,1,0,2,0,0,0,0,0,0,0,24,雪球:1,31,88.0%
252,23,26,11,20,9,11,1,2,1,1,2,0,0,0,0,0,0,0,B:9,雪球:2,28,97.0%
253,13,25,20,11,22,11,1,1,1,0,2,0,0,0,0,0,0,0,24,雪球:1,31,88.0%
254,25,21,21,11,13,11,1,1,1,0,2,0,0,0,0,0,0,0,24,雪球:1,31,88.0%
255,11,21,19,30,10,11,1,1,1,0,2,0,0,0,0,0,0,0,24,雪球:1,31,88.0%
256,9,21,26,15,19,11,1,2,1,0,2,0,0,0,0,0,0,0,G:10,雪球:2,28,97.0%
257,10,26,23,20,12,11,1,1,1,0,2,0,0,0,0,0,0,0,24,雪球:1,31,88.0%
258,11,24,20,12,24,11,1,1,1,0,2,0,0,0,0,0,0,0,24,雪球:1,31,88.0%
259,21,27,10,15,17,11,1,2,1,0,2,0,0,0,0,0,0,0,23,雪球:2,31,85.5%
260,14,28,12,23,13,11,1,2,1,0,2,0,0,0,0,0,0,0,R:11,雪球:2,29,97.0%
261,22,17,16,12,23,11,1,1,1,1,2,0,0,0,0,0,0,0,24,雪球:1,30,90.4%
262,22,26,9,24,10,11,1,1,1,0,2,0,0,0,0,0,0,0,24,雪球:1,31,88.0%
263,12,23,22,11,23,11,1,1,1,0,2,0,0,0,0,0,0,0,24,雪球:1,31,88.0%
264,24,19,26,9,12,11,1,2,1,0,2,0,0,0,0,0,0,0,P:5,雪球:2,27,97.0%
265,12,24,18,28,9,11,1,1,1,0,2,0,0,0,0,0,0,0,24,雪球:1,31,88.0%
266,10,21,26,13,20,11,1,2,1,0,2,0,0,0,0,0,0,0,24,雪球:2,32,86.5%
267,9,24,24,22,12,11,1,1,1,0,2,0,0,0,0,0,0,0,24,雪球:1,31,88.0%
268,9,26,20,15,20,11,1,2,1,0,2,0,0,0,0,0,0,0,Y:6,雪球:2,28,97.0%
269,20,19,17,13,22,11,1,1,1,0,2,0,0,0,0,0,0,0,24,雪球:1,31,88.0%
270,11,27,16,24,12,11,1,1,1,1,2,0,0,0,0,0,0,0,24,雪球:1,30,90.4%
271,24,15,17,11,24,11,1,1,1,0,2,0,0,0,0,0,0,0,24,雪球:1,31,88.0%
272,24,24,10,22,10,11,1,2,1,0,2,0,0,0,0,0,0,0,B:9,雪球:2,28,97.0%
273,12,24,20,10,24,11,1,2,1,0,2,0,0,0,0,0,0,0,24,雪球:2,32,86.6%
274,22,21,26,10,12,11,1,1,1,0,2,0,0,0,0,0,0,0,24,雪球:1,31,88.0%
275,13,22,15,30,11,11,1,1,1,0,2,0,0,0,0,0,0,0,24,雪球:1,31,88.0%
276,9,21,24,15,21,11,1,2,1,0,2,0,0,0,0,0,0,0,G:9,雪球:2,28,97.0%
277,10,24,22,23,12,11,1,1,1,0,2,0,0,0,0,0,0,0,24,雪球:1,31,88.0%
278,11,25,20,11,24,11,1,1,1,0,2,0,0,0,0,0,0,0,24,雪球:1,31,88.0%
279,21,27,12,13,17,11,1,1,1,1,2,0,0,0,0,0,0,0,24,雪球:1,30,90.5%
280,14,27,12,24,13,11,1,2,1,0,2,0,0,0,0,0,0,0,R:10,雪球:2,29,97.0%
281,23,16,19,12,21,11,1,1,1,0,2,0,0,0,0,0,0,0,24,雪球:1,31,88.0%
282,24,26,10,22,9,11,1,1,1,0,2,0,0,0,0,0,0,0,24,雪球:1,31,88.1%
283,13,20,22,11,25,11,1,1,1,0,2,0,0,0,0,0,0,0,24,雪球:1,31,88.1%
284,21,20,26,10,13,11,1,2,1,0,2,0,0,0,0,0,0,0,P:5,雪球:2,27,97.0%
285,12,23,20,26,10,11,1,1,1,0,2,0,0,0,0,0,0,0,24,雪球:1,31,88.1%
286,11,21,25,14,20,11,1,1,1,0,2,0,0,0,0,0,0,0,24,雪球:1,31,88.1%
287,11,23,23,23,10,11,1,2,1,0,2,0,0,0,0,0,0,0,24,雪球:2,32,86.6%
288,8,26,17,15,23,11,1,2,1,1,2,0,0,0,0,0,0,0,Y:6,雪球:2,27,97.0%
289,16,21,18,13,23,11,1,1,1,0,2,0,0,0,0,0,0,0,24,雪球:1,31,88.1%
290,12,28,16,23,12,11,1,1,1,0,2,0,0,0,0,0,0,0,24,雪球:1,31,88.1%
291,23,16,18,10,24,11,1,1,1,0,2,0,0,0,0,0,0,0,24,雪球:1,31,88.1%
292,23,27,10,20,10,11,1,2,1,0,2,0,0,0,0,0,0,0,B:9,雪球:2,28,97.0%
293,15,27,22,10,25,12,1,1,1,0,2,0,0,0,0,0,0,0,26,雪球:1,32,86.0%
294,25,23,26,12,12,12,1,2,1,0,2,0,0,0,0,0,0,0,26,雪球:2,32,80.8%
295,10,24,21,32,12,12,1,1,1,0,2,0,0,0,0,0,0,0,26,雪球:1,32,86.0%
296,10,22,28,16,22,12,1,2,1,0,2,0,0,0,0,0,0,0,G:11,雪球:2,29,97.0%
297,12,28,25,22,11,12,1,1,1,1,2,0,0,0,0,0,0,0,26,雪球:1,31,88.4%
298,12,27,18,15,27,12,1,1,1,0,2,0,0,0,0,0,0,0,26,雪球:1,32,86.0%
299,24,28,12,16,19,12,1,1,1,0,2,0,0,0,0,0,0,0,26,雪球:1,32,86.0%
300,15,30,13,25,15,12,1,2,1,0,2,0,0,0,0,0,0,0,R:11,雪球:2,29,97.0%
301,22,16,18,12,27,12,0,2,1,0,0,0,0,2,0,0,2,2,G:13,雪球:2,30,87.4%
302,27,25,10,27,8,12,0,1,0,0,0,2,0,0,0,0,2,2,B:16,雪球:1,30,80.0%
303,9,27,21,12,28,12,0,1,0,0,0,0,0,0,2,0,2,2,Y:11,雪球:1,29,87.0%
304,25,24,25,9,13,12,0,2,0,0,0,0,0,0,0,2,2,2,P:11,雪球:2,30,87.2%
305,13,25,16,30,12,12,1,1,0,0,0,0,2,0,0,0,2,2,R:16,雪球:1,31,80.4%
306,10,25,27,12,22,12,0,1,0,1,0,0,0,2,0,0,2,2,G:16,雪球:1,30,86.8%
307,13,27,25,22,10,12,0,1,0,0,0,2,0,0,0,0,2,2,B:11,雪球:1,29,88.8%
308,10,27,21,13,24,12,0,2,1,0,0,0,0,0,2,0,2,2,Y:11,雪球:2,30,91.6%
309,22,22,20,15,18,12,0,1,0,0,0,0,0,0,0,2,2,2,P:13,雪球:1,30,87.6%
310,12,31,13,24,16,12,1,1,0,0,0,0,2,0,0,0,2,2,R:18,雪球:1,31,74.6%
311,24,16,22,10,25,12,0,1,0,0,0,0,0,2,0,0,2,2,G:15,雪球:1,30,80.8%
312,27,28,10,26,5,12,0,2,0,0,0,2,0,0,0,0,2,2,B:16,雪球:2,31,78.6%
313,12,27,19,12,27,12,0,1,0,0,0,0,0,0,2,0,2,2,Y:11,雪球:1,29,87.1%
314,24,24,24,12,13,12,0,1,0,0,0,0,0,0,0,2,2,2,P:11,雪球:1,29,88.8%
315,10,24,14,32,13,12,1,2,1,1,0,0,2,0,0,0,2,2,R:15,雪球:2,31,90.4%
316,10,25,25,14,22,12,0,2,0,0,0,0,0,2,0,0,2,2,G:16,雪球:2,31,76.7%
317,10,25,25,24,13,12,0,1,0,0,0,2,0,0,0,0,2,2,B:10,雪球:1,29,89.5%
318,9,27,19,15,27,12,0,1,0,0,0,0,0,0,2,0,2,2,Y:12,雪球:1,29,85.8%
319,25,27,15,13,17,12,0,1,0,0,0,0,0,0,0,2,2,2,P:13,雪球:1,30,86.4%
320,13,29,13,24,16,12,1,2,0,0,0,0,2,0,0,0,2,2,R:17,雪球:2,32,77.3%
321,22,18,22,10,25,12,0,1,0,0,0,0,0,2,0,0,2,2,G:15,雪球:1,30,80.8%
322,26,24,12,24,9,12,0,2,1,0,0,2,0,0,0,0,2,2,B:16,雪球:2,31,83.2%
323,14,24,24,10,25,12,0,1,0,0,0,0,0,0,2,0,2,2,Y:10,雪球:1,29,89.5%
324,25,20,25,12,13,12,0,2,0,1,0,0,0,0,0,2,2,2,P:11,雪球:2,30,92.6%
325,12,25,19,28,12,12,1,1,0,0,0,0,2,0,0,0,2,2,R:16,雪球:1,31,80.5%
326,12,24,28,13,20,12,0,1,0,0,0,0,0,2,0,0,2,2,G:17,雪球:1,31,79.8%
327,13,25,25,22,12,12,0,1,0,0,0,2,0,0,0,0,2,2,B:11,雪球:1,29,88.9%
328,9,25,20,15,27,12,0,2,0,0,0,0,0,0,2,0,2,2,Y:12,雪球:2,30,84.3%
329,20,19,19,13,24,12,0,2,1,0,0,0,0,0,0,2,2,2,P:15,雪球:2,31,86.6%
330,14,31,13,25,13,12,1,1,0,0,0,0,2,0,0,0,2,2,R:18,雪球:1,31,74.7%
331,24,18,21,10,24,12,0,1,0,0,0,0,0,2,0,0,2,2,G:14,雪球:1,30,85.6%
332,24,27,10,25,10,12,0,2,0,0,0,2,0,0,0,0,2,2,B:15,雪球:2,31,81.5%
333,13,25,25,11,22,12,0,1,0,1,0,0,0,0,2,0,2,2,Y:11,雪球:1,29,91.0%
334,22,22,27,12,13,12,0,2,0,0,0,0,0,0,0,2,2,2,P:11,雪球:2,30,87.3%
335,9,27,20,29,10,12,1,2,0,0,0,0,2,0,0,0,2,2,R:16,雪球:2,32,81.0%
336,12,25,27,15,15,12,0,3,1,0,0,0,0,2,0,0,2,2,G:16,雪球:2,31,82.6%
337,12,24,24,23,13,12,0,2,0,0,0,2,0,0,0,0,2,2,B:11,雪球:2,30,85.5%
338,12,25,22,12,25,12,0,2,0,0,0,0,0,0,2,0,2,2,Y:11,雪球:2,30,85.5%
339,24,25,12,16,19,12,0,2,0,0,0,0,0,0,0,2,2,2,P:13,雪球:2,31,87.3%
340,13,29,17,24,12,12,1,2,0,0,0,0,2,0,0,0,2,2,R:17,雪球:2,32,77.4%
341,24,15,20,13,24,12,0,2,0,0,0,0,0,2,0,0,2,2,G:14,雪球:2,31,83.0%
342,25,25,10,25,10,12,0,2,0,1,0,2,0,0,0,0,2,2,B:16,雪球:2,31,83.7%
343,12,25,22,9,27,12,0,2,1,0,0,0,0,0,2,0,2,2,Y:10,雪球:2,30,90.2%
344,24,21,27,9,15,12,0,2,0,0,0,0,0,0,0,2,2,2,P:12,雪球:2,30,84.3%
345,10,27,18,28,12,12,1,2,0,0,0,0,2,0,0,0,2,2,R:16,雪球:2,32,81.0%
346,12,24,28,13,19,12,0,2,0,0,0,0,0,2,0,0,2,2,G:17,雪球:2,31,73.9%
347,10,25,25,24,12,12,0,2,0,0,0,2,0,0,0,0,2,2,B:10,雪球:2,30,88.0%
348,12,27,22,13,22,12,0,2,0,0,0,0,0,0,2,0,2,2,Y:11,雪球:2,30,87.3%
349,22,18,17,15,24,12,0,2,0,0,0,0,0,0,0,2,2,2,P:15,雪球:2,31,81.6%
350,12,28,17,24,13,12,1,2,1,0,0,0,2,0,0,0,2,2,R:17,雪球:2,32,81.9%
351,25,15,21,13,21,12,0,2,0,1,0,0,0,2,0,0,2,2,G:14,雪球:2,31,89.9%
352,22,25,12,27,10,12,0,2,0,0,0,2,0,0,0,0,2,2,B:15,雪球:2,31,79.5%
353,13,25,22,12,24,12,0,2,0,0,0,0,0,0,2,0,2,2,Y:11,雪球:2,30,85.6%
354,24,20,25,12,15,12,0,2,0,0,0,0,0,0,0,2,2,2,P:12,雪球:2,30,84.4%
355,10,25,20,28,12,12,1,2,0,0,0,0,2,0,0,0,2,2,R:16,雪球:2,32,79.2%
356,10,24,25,16,21,12,0,2,0,0,0,0,0,2,0,0,2,2,G:16,雪球:2,31,76.9%
357,9,24,24,25,13,12,0,2,1,0,0,2,0,0,0,0,2,2,B:10,雪球:2,30,90.2%
358,12,28,21,13,22,12,0,2,0,0,0,0,0,0,2,0,2,2,Y:11,雪球:2,30,87.4%
359,22,29,10,14,21,12,0,2,0,0,0,0,0,0,0,2,2,2,P:14,雪球:2,31,84.1%
360,16,28,15,22,13,12,1,2,0,1,0,0,2,0,0,0,2,2,R:17,雪球:2,32,83.2%
361,27,15,19,13,22,12,0,2,0,0,0,0,0,2,0,0,2,2,G:14,雪球:2,31,81.8%
362,24,28,10,24,10,12,0,2,0,0,0,2,0,0,0,0,2,2,B:15,雪球:2,31,81.7%
363,15,20,24,12,25,12,0,2,0,0,0,0,0,0,2,0,2,2,Y:11,雪球:2,30,85.6%
364,25,21,26,10,12,12,0,3,1,0,0,0,0,0,0,2,2,2,P:11,雪球:2,30,89.0%
365,13,25,20,27,10,12,1,2,0,0,0,0,2,0,0,0,2,2,R:16,雪球:2,32,79.3%
366,12,21,27,16,20,12,0,2,0,0,0,0,0,2,0,0,2,2,G:16,雪球:2,31,78.9%
367,9,27,24,23,13,12,0,2,0,0,0,2,0,0,0,0,2,2,B:10,雪球:2,30,85.6%
368,10,27,21,16,22,12,0,2,0,0,0,0,0,0,2,0,2,2,Y:12,雪球:2,30,85.8%
369,18,22,16,15,24,12,0,2,0,1,0,0,0,0,0,2,2,2,P:15,雪球:2,31,87.9%
370,13,28,16,25,13,12,1,2,0,0,0,0,2,0,0,0,2,2,R:17,雪球:2,32,76.6%
371,24,16,16,12,27,12,0,2,1,0,0,0,0,2,0,0,2,2,G:12,雪球:2,30,90.5%
372,21,29,12,24,10,12,0,2,0,0,0,2,0,0,0,0,2,2,B:14,雪球:2,31,84.2%
373,15,24,22,10,25,12,0,2,0,0,0,0,0,0,2,0,2,2,Y:10,雪球:2,30,88.1%
374,22,24,27,13,10,12,0,2,0,0,0,0,0,0,0,2,2,2,P:10,雪球:2,30,88.1%
375,10,27,21,27,10,12,1,2,0,0,0,0,2,0,0,0,2,2,R:16,雪球:2,32,81.2%
376,13,23,27,18,25,13,0,2,0,0,0,0,0,2,0,0,2,2,G:16,雪球:2,32,82.3%
377,12,29,27,24,14,13,0,2,0,0,0,2,0,0,0,0,2,2,B:11,雪球:2,31,88.4%
378,14,28,23,17,22,13,0,2,1,1,0,0,0,0,2,0,2,2,Y:13,雪球:2,31,93.6%
379,23,31,13,16,23,13,0,2,0,0,0,0,0,0,0,2,2,2,P:15,雪球:2,32,83.9%
380,16,31,15,28,15,13,1,2,0,0,0,0,2,0,0,0,2,2,R:18,雪球:2,33,77.4%
381,29,17,19,14,27,13,0,2,0,0,0,0,0,2,0,0,2,2,G:14,雪球:2,31,81.1%
382,27,31,12,24,12,13,0,2,0,0,0,2,0,0,0,0,2,2,B:17,雪球:2,32,77.0%
383,14,24,24,13,31,13,0,2,0,0,0,0,0,0,2,0,2,2,Y:11,雪球:2,31,89.9%
384,22,27,29,12,16,13,0,2,0,0,0,0,0,0,0,2,2,2,P:12,雪球:2,31,88.6%
385,15,28,21,30,10,13,1,2,1,0,0,0,2,0,0,0,2,2,R:17,雪球:2,32,81.2%
386,13,25,27,16,25,13,0,2,0,0,0,0,0,2,0,0,2,2,G:17,雪球:2,32,77.0%
387,13,29,27,23,13,13,0,2,0,1,0,2,0,0,0,0,2,2,B:11,雪球:2,30,92.1%
388,13,27,25,16,25,13,0,2,0,0,0,0,0,0,2,0,2,2,Y:12,雪球:2,31,88.6%
389,19,25,21,16,25,13,0,2,0,0,0,0,0,0,0,2,2,2,P:16,雪球:2,32,80.6%
390,15,31,16,28,15,13,1,2,0,0,0,0,2,0,0,0,2,2,R:18,雪球:2,33,77.5%
391,27,19,19,14,27,13,0,2,0,0,0,0,0,2,0,0,2,2,G:14,雪球:2,31,81.1%
392,27,31,13,26,7,13,0,3,1,0,0,2,0,0,0,0,2,2,B:17,雪球:2,32,80.8%
393,16,26,20,13,31,13,0,2,0,0,0,0,0,0,2,0,2,2,Y:11,雪球:2,31,89.9%
394,24,27,29,12,14,13,0,2,0,0,0,0,0,0,0,2,2,2,P:12,雪球:2,31,85.9%
395,12,23,22,34,14,13,1,2,0,0,0,0,2,0,0,0,2,2,R:15,雪球:2,32,82.1%
396,14,25,24,15,27,13,0,2,0,1,0,0,0,2,0,0,2,2,G:15,雪球:2,31,87.3%
397,14,29,23,27,13,13,0,2,0,0,0,2,0,0,0,0,2,2,B:12,雪球:2,31,85.9%
398,13,29,19,16,29,13,0,2,0,0,0,0,0,0,2,0,2,2,Y:12,雪球:2,31,88.6%
399,22,32,16,12,23,13,0,2,1,0,0,0,0,0,0,2,2,2,P:15,雪球:2,31,85.2%
400,15,30,16,29,15,13,1,2,0,0,0,0,2,0,0,0,2,2,R:18,雪球:2,33,76.7%
401,25,17,22,15,23,13,1,2,1,0,2,0,0,2,0,0,2,2,G:15,雪球:2,33,87.3%
402,27,27,10,28,10,13,1,2,1,0,2,2,0,0,0,0,2,2,B:17,雪球:2,33,82.2%
403,14,24,27,10,27,13,1,2,1,0,2,0,0,0,2,0,2,2,Y:10,雪球:2,31,91.3%
404,23,20,30,12,17,13,1,2,1,0,2,0,0,0,0,2,2,2,P:13,雪球:2,32,88.7%
405,12,28,19,32,10,13,1,2,1,1,2,0,2,0,0,0,2,2,R:17,雪球:2,33,88.5%
406,14,23,30,15,20,13,1,2,1,0,2,0,0,2,0,0,2,2,G:18,雪球:2,33,79.7%
407,10,23,29,28,12,13,1,2,1,0,2,2,0,0,0,0,2,2,B:10,雪球:2,31,91.3%
408,10,30,24,15,23,13,1,2,1,0,2,0,0,0,2,0,2,2,Y:12,雪球:2,32,91.1%
409,20,20,18,17,27,13,1,2,1,0,2,0,0,0,0,2,2,2,P:17,雪球:2,33,82.2%
410,14,31,18,25,14,13,1,2,1,0,2,0,2,0,0,0,2,2,R:18,雪球:2,33,80.6%
411,28,17,23,12,22,13,1,2,1,0,2,0,0,2,0,0,2,2,G:15,雪球:2,33,88.2%
412,27,28,12,23,12,13,1,2,1,0,2,2,0,0,0,0,2,2,B:17,雪球:2,33,82.2%
413,14,28,23,12,25,13,1,2,1,0,2,0,0,0,2,0,2,2,Y:11,雪球:2,32,91.9%
414,25,21,27,14,14,13,1,2,1,1,2,0,0,0,0,2,2,2,P:12,雪球:2,32,94.1%
415,15,27,17,33,10,13,1,2,1,0,2,0,2,0,0,0,2,2,R:17,雪球:2,33,82.3%
416,10,23,28,19,22,13,1,2,1,0,2,0,0,2,0,0,2,2,G:17,雪球:2,33,83.1%
417,10,27,25,25,15,13,1,2,1,0,2,2,0,0,0,0,2,2,B:10,雪球:2,32,93.5%
418,14,30,17,15,26,13,1,2,1,0,2,0,0,0,2,0,2,2,Y:12,雪球:2,32,91.1%
419,23,32,10,15,22,13,1,2,1,0,2,0,0,0,0,2,2,2,P:15,雪球:2,33,87.4%
420,17,31,14,25,14,13,1,3,1,0,2,0,2,0,0,0,2,2,R:18,雪球:2,33,79.1%
421,28,15,22,15,22,13,1,2,1,0,2,0,0,2,0,0,2,2,G:15,雪球:2,33,87.4%
422,23,30,9,30,10,13,1,2,1,0,2,2,0,0,0,0,2,2,B:15,雪球:2,33,88.2%
423,15,23,27,14,22,13,1,2,1,1,2,0,0,0,2,0,2,2,Y:12,雪球:2,32,94.1%
424,28,22,28,10,14,13,1,2,1,0,2,0,0,0,0,2,2,2,P:12,雪球:2,32,90.0%
425,15,28,23,27,9,13,1,2,1,0,2,0,2,0,0,0,2,2,R:17,雪球:2,33,83.1%
426,14,22,30,17,19,13,1,2,1,0,2,0,0,2,0,0,2,2,G:18,雪球:2,33,79.8%
427,9,28,27,24,14,13,1,2,1,0,2,2,0,0,0,0,2,2,B:10,雪球:2,32,91.9%
428,10,30,23,19,20,13,1,2,1,0,2,0,0,0,2,0,2,2,Y:14,雪球:2,32,86.1%
429,19,21,20,14,28,13,1,2,1,0,2,0,0,0,0,2,2,2,P:17,雪球:2,33,83.2%
430,14,30,17,26,15,13,1,2,1,0,2,0,2,0,0,0,2,2,R:18,雪球:2,33,79.8%
431,28,17,18,12,27,13,1,2,1,0,2,0,0,2,0,0,2,2,G:13,雪球:2,32,89.8%
432,24,30,12,23,12,13,1,2,1,1,2,2,0,0,0,0,2,2,B:15,雪球:2,32,91.1%
433,15,25,23,12,27,13,1,2,1,0,2,0,0,0,2,0,2,2,Y:11,雪球:2,32,92.0%
434,23,27,28,12,12,13,1,2,1,0,2,0,0,0,0,2,2,2,P:11,雪球:2,32,92.0%
435,12,28,20,32,10,13,1,2,1,0,2,0,2,0,0,0,2,2,R:17,雪球:2,33,83.2%
436,12,23,25,17,25,13,1,2,1,0,2,0,0,2,0,0,2,2,G:16,雪球:2,33,85.4%
437,10,28,23,26,15,13,1,2,1,0,2,2,0,0,0,0,2,2,B:10,雪球:2,32,93.6%
438,14,27,21,15,25,13,1,2,1,0,2,0,0,0,2,0,2,2,Y:12,雪球:2,32,91.2%
439,23,32,12,17,18,13,1,2,1,0,2,0,0,0,0,2,2,2,P:13,雪球:2,32,89.8%
440,17,31,10,29,15,13,1,2,1,0,2,0,2,0,0,0,2,2,R:18,雪球:2,33,80.7%
441,28,17,19,15,22,13,1,2,1,1,2,0,0,2,0,0,2,2,G:14,雪球:2,32,91.2%
442,27,28,10,25,12,13,1,2,1,0,2,2,0,0,0,0,2,2,B:17,雪球:2,33,82.4%
443,14,19,25,14,30,13,1,2,1,0,2,0,0,0,2,0,2,2,Y:12,雪球:2,32,90.0%
444,22,23,30,10,17,13,1,2,1,0,2,0,0,0,0,2,2,2,P:13,雪球:2,32,88.8%
445,15,27,21,33,6,13,1,2,1,0,2,0,2,0,0,0,2,2,R:17,雪球:2,33,82.4%
446,14,21,27,17,23,13,1,2,1,0,2,0,0,2,0,0,2,2,G:17,雪球:2,33,82.4%
447,12,27,25,24,14,13,1,2,1,0,2,2,0,0,0,0,2,2,B:11,雪球:2,32,92.0%
448,10,28,23,17,23,13,1,3,1,0,2,0,0,0,2,0,2,2,Y:13,雪球:2,32,87.6%
449,15,23,22,17,25,13,1,2,1,0,2,0,0,0,0,2,2,2,P:16,雪球:2,33,85.5%
450,14,32,16,27,12,13,1,2,1,1,2,0,2,0,0,0,2,2,R:19,雪球:2,33,82.7%
451,28,17,20,10,27,13,1,2,1,0,2,0,0,2,0,0,2,2,G:14,雪球:2,33,90.0%
452,27,30,12,21,12,13,1,2,1,0,2,2,0,0,0,0,2,2,B:17,雪球:2,33,82.4%
453,17,25,19,14,27,13,1,2,1,0,2,0,0,0,2,0,2,2,Y:12,雪球:2,32,90.0%
454,23,25,28,12,14,13,1,2,1,0,2,0,0,0,0,2,2,2,P:12,雪球:2,32,90.0%
455,14,22,19,35,12,13,1,2,1,0,2,0,2,0,0,0,2,2,R:15,雪球:2,33,87.5%
456,12,22,25,18,25,13,1,2,1,0,2,0,0,2,0,0,2,2,G:16,雪球:2,33,85.5%
457,14,28,21,25,14,13,1,2,1,0,2,2,0,0,0,0,2,2,B:12,雪球:2,32,90.1%
458,14,27,17,14,30,13,1,2,1,0,2,0,0,0,2,0,2,2,Y:12,雪球:2,32,90.1%
459,24,34,15,13,23,14,1,2,1,1,2,0,0,0,0,2,2,2,P:15,雪球:2,33,92.3%
460,17,31,14,30,17,14,1,3,1,0,2,0,2,0,0,0,2,2,R:18,雪球:2,34,82.4%
461,25,18,21,17,29,14,1,2,1,0,2,0,0,2,0,0,2,2,G:14,雪球:2,33,90.3%
462,23,34,13,29,10,14,1,3,1,0,2,2,0,0,0,0,2,2,B:15,雪球:2,33,86.5%
463,16,25,23,15,31,14,1,2,1,0,2,0,0,0,2,0,2,2,Y:12,雪球:2,33,92.9%
464,31,19,32,11,16,14,1,3,1,0,2,0,0,0,0,2,2,2,P:13,雪球:2,33,88.8%
465,15,25,25,32,13,14,1,2,1,0,2,0,2,0,0,0,2,2,R:16,雪球:2,33,84.9%
466,13,25,31,17,24,14,1,2,1,0,2,0,0,2,0,0,2,2,G:18,雪球:2,34,83.7%
467,11,32,31,23,13,14,1,2,1,0,2,2,0,0,0,0,2,2,B:11,雪球:2,32,90.0%
468,11,32,20,18,27,14,1,3,1,1,2,0,0,0,2,0,2,2,Y:13,雪球:2,32,92.8%
469,21,25,23,15,25,14,1,3,1,0,2,0,0,0,0,2,2,2,P:16,雪球:2,33,83.6%
470,11,32,19,31,17,14,1,2,1,0,2,0,2,0,0,0,2,2,R:19,雪球:2,34,79.8%
471,27,18,21,13,31,14,1,2,1,0,2,0,0,2,0,0,2,2,G:14,雪球:2,33,90.3%
472,31,30,13,24,11,14,1,3,1,0,2,2,0,0,0,0,2,2,B:18,雪球:2,34,82.4%
473,17,32,17,13,31,14,1,2,1,0,2,0,0,0,2,0,2,2,Y:11,雪球:2,32,92.7%
474,25,27,32,11,15,14,1,2,1,0,2,0,0,0,0,2,2,2,P:12,雪球:2,33,92.9%
475,13,25,23,34,15,14,1,2,1,0,2,0,2,0,0,0,2,2,R:16,雪球:2,33,84.9%
476,10,27,29,17,26,14,1,3,1,0,2,0,0,2,0,0,2,2,G:17,雪球:2,34,85.4%
477,15,29,29,25,11,14,1,2,1,1,2,2,0,0,0,0,2,2,B:12,雪球:2,32,94.7%
478,13,31,19,15,32,14,1,2,1,0,2,0,0,0,2,0,2,2,Y:12,雪球:2,33,92.9%
479,28,34,13,17,18,14,1,2,1,0,2,0,0,0,0,2,2,2,P:13,雪球:2,33,91.8%
480,15,33,13,31,17,14,1,3,1,0,2,0,2,0,0,0,2,2,R:19,雪球:2,34,79.2%
481,25,18,23,15,29,14,1,2,1,0,2,0,0,2,0,0,2,2,G:15,雪球:2,33,87.8%
482,31,28,13,28,10,14,1,2,1,0,2,2,0,0,0,0,2,2,B:18,雪球:2,34,83.8%
483,15,26,23,13,32,14,1,3,1,0,2,0,0,0,2,0,2,2,Y:11,雪球:2,32,91.8%
484,27,24,29,11,18,14,1,3,1,0,2,0,0,0,0,2,2,2,P:13,雪球:2,33,90.8%
485,15,29,23,32,11,14,1,2,1,0,2,0,2,0,0,0,2,2,R:17,雪球:2,34,86.7%
486,10,27,31,15,26,14,1,2,1,1,2,0,0,2,0,0,2,2,G:18,雪球:2,34,88.9%
487,11,29,31,24,15,14,1,2,1,0,2,2,0,0,0,0,2,2,B:11,雪球:2,32,90.0%
488,8,32,23,19,27,14,1,3,1,0,2,0,0,0,2,0,2,2,Y:14,雪球:2,33,87.5%
489,22,21,24,16,27,14,1,2,1,0,2,0,0,0,0,2,2,2,P:17,雪球:2,34,85.3%
490,15,35,18,25,16,14,1,3,1,0,2,0,2,0,0,0,2,2,R:20,雪球:2,34,75.9%
491,29,19,25,10,27,14,1,2,1,0,2,0,0,2,0,0,2,2,G:16,雪球:2,34,88.0%
492,31,26,13,26,13,14,1,3,1,0,2,2,0,0,0,0,2,2,B:18,雪球:2,34,82.5%
493,15,32,21,13,29,14,1,2,1,0,2,0,0,0,2,0,2,2,Y:11,雪球:2,32,92.8%
494,31,27,24,15,13,14,1,2,1,0,2,0,0,0,0,2,2,2,P:11,雪球:2,32,92.8%
495,15,28,17,34,15,14,1,2,1,1,2,0,2,0,0,0,2,2,R:17,雪球:2,34,90.8%
496,11,30,30,16,22,14,1,3,1,0,2,0,0,2,0,0,2,2,G:18,雪球:2,34,81.8%
497,13,30,27,23,16,14,1,3,1,0,2,2,0,0,0,0,2,2,B:11,雪球:2,33,93.8%
498,11,31,23,13,32,14,1,2,1,0,2,0,0,0,2,0,2,2,Y:11,雪球:2,33,94.6%
499,28,32,15,17,18,14,1,2,1,0,2,0,0,0,0,2,2,2,P:13,雪球:2,33,91.9%
500,18,35,16,25,15,14,1,3,1,0,2,0,2,0,0,0,2,2,R:20,雪球:2,34,76.0%
501,29,21,23,13,26,14,0,2,0,0,2,0,0,2,0,0,2,2,G:15,雪球:2,33,85.2%
502,29,28,14,31,10,14,0,2,0,0,2,2,0,0,0,0,2,2,B:18,雪球:2,34,79.4%
503,16,29,28,11,28,14,0,2,0,0,2,0,0,0,2,0,2,2,Y:11,雪球:2,32,87.6%
504,32,23,30,11,13,14,0,3,1,1,2,0,0,0,0,2,2,2,P:11,雪球:2,32,96.3%
505,16,31,19,32,13,14,1,2,0,0,2,0,2,0,0,0,2,2,R:18,雪球:2,34,79.2%
506,15,27,34,15,21,14,0,2,0,0,2,0,0,2,0,0,2,2,G:19,雪球:2,34,78.5%
507,13,30,29,24,16,14,0,2,0,0,2,2,0,0,0,0,2,2,B:11,雪球:2,32,90.7%
508,11,30,25,17,28,14,0,3,0,0,2,0,0,0,2,0,2,2,Y:13,雪球:2,33,87.6%
509,24,19,23,17,29,14,0,2,0,0,2,0,0,0,0,2,2,2,P:18,雪球:2,34,79.4%
510,15,35,17,29,15,14,1,2,0,0,2,0,2,0,0,0,2,2,R:20,雪球:2,35,76.6%
511,28,19,23,13,27,14,0,3,1,0,2,0,0,2,0,0,2,2,G:15,雪球:2,33,88.2%
512,31,30,11,28,11,14,0,3,0,0,2,2,0,0,0,0,2,2,B:18,雪球:2,34,79.6%
513,17,32,23,10,29,14,0,2,0,1,2,0,0,0,2,0,2,2,Y:10,雪球:2,32,95.0%
514,27,24,32,13,16,14,0,2,0,0,2,0,0,0,0,2,2,2,P:13,雪球:2,33,87.6%
515,15,32,19,32,13,14,1,2,0,0,2,0,2,0,0,0,2,2,R:19,雪球:2,35,79.1%
516,13,28,31,17,22,14,0,3,0,0,2,0,0,2,0,0,2,2,G:18,雪球:2,34,79.7%
517,13,29,27,26,17,14,0,2,0,0,2,2,0,0,0,0,2,2,B:11,雪球:2,32,90.7%
518,15,28,25,14,28,14,0,3,1,0,2,0,0,0,2,0,2,2,Y:12,雪球:2,32,89.9%
519,29,30,14,20,19,14,0,2,0,0,2,0,0,0,0,2,2,2,P:14,雪球:2,33,86.2%
520,18,35,16,28,13,14,1,3,0,0,2,0,2,0,0,0,2,2,R:20,雪球:2,35,75.2%
521,31,17,24,16,24,14,0,2,0,0,2,0,0,2,0,0,2,2,G:16,雪球:2,34,84.8%
522,31,28,11,28,13,14,0,2,0,1,2,2,0,0,0,0,2,2,B:18,雪球:2,34,86.6%
523,14,29,28,13,28,14,0,2,0,0,2,0,0,0,2,0,2,2,Y:11,雪球:2,32,90.7%
524,27,23,31,13,17,14,0,3,0,0,2,0,0,0,0,2,2,2,P:13,雪球:2,33,87.6%
525,15,31,19,33,11,14,1,3,1,0,2,0,2,0,0,0,2,2,R:18,雪球:2,34,82.6%
526,15,27,32,17,21,14,0,2,0,0,2,0,0,2,0,0,2,2,G:19,雪球:2,34,77.0%
527,13,29,26,30,14,14,0,2,0,0,2,2,0,0,0,0,2,2,B:11,雪球:2,32,90.7%
528,13,32,25,17,24,14,0,3,0,0,2,0,0,0,2,0,2,2,Y:13,雪球:2,33,87.6%
529,25,23,19,16,29,14,0,2,0,0,2,0,0,0,0,2,2,2,P:18,雪球:2,34,79.5%
530,16,33,20,27,15,14,1,2,0,0,2,0,2,0,0,0,2,2,R:19,雪球:2,35,79.9%
531,27,18,24,15,27,14,0,2,0,1,2,0,0,2,0,0,2,2,G:16,雪球:2,33,87.0%
532,28,30,11,28,13,14,0,3,1,0,2,2,0,0,0,0,2,2,B:17,雪球:2,34,86.5%
533,17,31,24,11,29,14,0,2,0,0,2,0,0,0,2,0,2,2,Y:11,雪球:2,32,87.6%
534,30,24,28,14,16,14,0,2,0,0,2,0,0,0,0,2,2,2,P:13,雪球:2,33,87.7%
535,15,29,19,35,13,14,1,2,0,0,2,0,2,0,0,0,2,2,R:18,雪球:2,34,77.7%
536,13,25,30,19,24,14,0,3,0,0,2,0,0,2,0,0,2,2,G:18,雪球:2,34,79.0%
537,11,30,30,27,14,14,0,2,0,0,2,2,0,0,0,0,2,2,B:11,雪球:2,33,90.4%
538,14,31,24,16,27,14,0,2,0,0,2,0,0,0,2,0,2,2,Y:13,雪球:2,33,87.7%
539,25,32,13,15,25,14,0,3,1,0,2,0,0,0,0,2,2,2,P:16,雪球:2,33,85.5%
540,18,33,17,25,16,14,1,3,0,1,2,0,2,0,0,0,2,2,R:19,雪球:2,34,80.7%
541,29,17,23,16,27,14,0,2,0,0,2,0,0,2,0,0,2,2,G:15,雪球:2,33,85.3%
542,26,35,10,31,10,14,0,2,0,0,2,2,0,0,0,0,2,2,B:16,雪球:2,34,86.4%
543,19,28,31,12,31,15,0,2,0,0,2,0,0,0,2,0,2,2,Y:11,雪球:2,33,91.4%
544,32,25,32,14,17,15,0,3,0,0,2,0,0,0,0,2,2,2,P:13,雪球:2,33,87.1%
545,18,33,26,33,10,15,1,2,0,0,2,0,2,0,0,0,2,2,R:19,雪球:2,35,79.2%
546,16,25,35,19,24,15,0,3,1,0,2,0,0,2,0,0,2,2,G:20,雪球:2,35,81.1%
547,14,30,33,28,16,15,0,2,0,0,2,2,0,0,0,0,2,2,B:12,雪球:2,33,89.4%
548,14,34,27,21,24,15,0,3,0,0,2,0,0,0,2,0,2,2,Y:15,雪球:2,34,84.8%
549,22,29,21,19,29,15,0,2,0,1,2,0,0,0,0,2,2,2,P:18,雪球:2,34,84.6%
550,16,35,20,33,16,15,1,2,0,0,2,0,2,0,0,0,2,2,R:20,雪球:2,35,76.1%
551,32,20,22,15,32,15,0,2,0,0,2,0,0,2,0,0,2,2,G:15,雪球:2,34,87.0%
552,32,34,12,28,14,15,0,3,0,0,2,2,0,0,0,0,2,2,B:19,雪球:2,35,78.9%
553,19,29,26,14,31,15,0,3,1,0,2,0,0,0,2,0,2,2,Y:12,雪球:2,33,91.9%
554,28,30,35,14,14,15,0,2,0,0,2,0,0,0,0,2,2,2,P:12,雪球:2,33,89.4%
555,16,35,22,37,10,15,1,2,0,0,2,0,2,0,0,0,2,2,R:20,雪球:2,35,76.1%
556,14,28,31,21,26,15,0,3,0,0,2,0,0,2,0,0,2,2,G:18,雪球:2,34,79.1%
557,12,35,26,31,17,15,0,2,0,0,2,2,0,0,0,0,2,2,B:11,雪球:2,33,91.4%
558,14,31,26,20,29,15,0,2,0,1,2,0,0,0,2,0,2,2,Y:14,雪球:2,33,91.4%
559,27,36,16,17,25,15,0,2,0,0,2,0,0,0,0,2,2,2,P:16,雪球:2,34,85.1%
560,20,34,14,33,17,15,1,3,1,0,2,0,2,0,0,0,2,2,R:20,雪球:2,35,78.7%
561,33,20,21,18,29,15,0,2,0,0,2,0,0,2,0,0,2,2,G:15,雪球:2,34,86.1%
562,28,35,14,30,14,15,0,2,0,0,2,2,0,0,0,0,2,2,B:17,雪球:2,34,82.9%
563,16,24,29,16,36,15,0,2,0,0,2,0,0,0,2,0,2,2,Y:13,雪球:2,33,87.1%
564,26,29,34,14,17,15,0,3,0,0,2,0,0,0,0,2,2,2,P:13,雪球:2,33,87.1%
565,14,31,25,38,12,15,1,2,0,0,2,0,2,0,0,0,2,2,R:18,雪球:2,35,82.4%
566,16,26,31,19,29,15,0,2,0,0,2,0,0,2,0,0,2,2,G:18,雪球:2,35,84.0%
567,14,33,26,31,14,15,0,3,1,1,2,2,0,0,0,0,2,2,B:12,雪球:2,33,95.4%
568,14,32,24,21,29,15,0,3,0,0,2,0,0,0,2,0,2,2,Y:15,雪球:2,34,84.9%
569,19,27,25,17,33,15,0,2,0,0,2,0,0,0,0,2,2,2,P:19,雪球:2,35,81.1%
570,18,35,17,33,17,15,1,2,0,0,2,0,2,0,0,0,2,2,R:20,雪球:2,35,76.2%
571,32,20,22,15,32,15,0,2,0,0,2,0,0,2,0,0,2,2,G:15,雪球:2,34,87.0%
572,33,35,14,24,14,15,0,3,0,0,2,2,0,0,0,0,2,2,B:19,雪球:2,35,79.7%
573,17,29,26,14,35,15,0,2,0,0,2,0,0,0,2,0,2,2,Y:12,雪球:2,33,89.5%
574,28,26,33,16,16,15,0,3,1,0,2,0,0,0,0,2,2,2,P:13,雪球:2,33,89.9%
575,18,25,23,42,12,15,1,2,0,0,2,0,2,0,0,0,2,2,R:16,雪球:2,35,86.6%
576,16,26,29,19,29,15,0,3,0,1,2,0,0,2,0,0,2,2,G:18,雪球:2,34,83.5%
577,14,36,31,24,16,15,0,2,0,0,2,2,0,0,0,0,2,2,B:12,雪球:2,33,89.5%
578,15,32,22,18,34,15,0,2,0,0,2,0,0,0,2,0,2,2,Y:13,雪球:2,33,89.3%
579,27,36,17,16,25,15,0,2,0,0,2,0,0,0,0,2,2,2,P:16,雪球:2,34,85.1%
580,18,34,18,32,17,15,1,3,0,0,2,0,2,0,0,0,2,2,R:20,雪球:2,35,74.1%
581,29,21,22,16,31,15,0,3,1,0,2,0,0,2,0,0,2,2,G:15,雪球:2,34,89.7%
582,33,36,14,26,12,15,0,2,0,0,2,2,0,0,0,0,2,2,B:19,雪球:2,35,81.1%
583,18,29,23,16,35,15,0,2,0,0,2,0,0,0,2,0,2,2,Y:13,雪球:2,34,89.9%
584,32,25,34,12,17,15,0,3,0,0,2,0,0,0,0,2,2,2,P:13,雪球:2,34,89.9%
585,18,27,27,37,10,15,1,2,0,1,2,0,2,0,0,0,2,2,R:17,雪球:2,35,88.8%
586,14,29,33,17,28,15,0,2,0,0,2,0,0,2,0,0,2,2,G:19,雪球:2,35,81.1%
587,12,36,31,26,16,15,0,2,0,0,2,2,0,0,0,0,2,2,B:11,雪球:2,33,91.5%
588,14,34,22,19,30,15,0,3,1,0,2,0,0,0,2,0,2,2,Y:14,雪球:2,34,91.2%
589,22,29,25,16,29,15,0,2,0,0,2,0,0,0,0,2,2,2,P:18,雪球:2,35,82.7%
590,12,36,22,33,17,15,1,2,0,0,2,0,2,0,0,0,2,2,R:20,雪球:2,36,80.6%
591,29,19,22,16,35,15,0,2,0,0,2,0,0,2,0,0,2,2,G:15,雪球:2,34,87.1%
592,34,34,14,24,14,15,0,3,0,0,2,2,0,0,0,0,2,2,B:20,雪球:2,35,75.9%
593,16,35,22,16,32,15,0,2,0,0,2,0,0,0,2,0,2,2,Y:13,雪球:2,34,89.9%
594,30,25,35,12,18,15,0,2,0,1,2,0,0,0,0,2,2,2,P:13,雪球:2,33,93.5%
595,16,27,23,38,14,15,1,3,1,0,2,0,2,0,0,0,2,2,R:17,雪球:2,35,86.8%
596,12,31,30,19,28,15,0,3,0,0,2,0,0,2,0,0,2,2,G:18,雪球:2,35,82.2%
597,14,35,32,26,14,15,0,2,0,0,2,2,0,0,0,0,2,2,B:12,雪球:2,33,89.5%
598,14,32,22,19,34,15,0,2,0,0,2,0,0,0,2,0,2,2,Y:14,雪球:2,34,88.7%
599,31,34,17,20,19,15,0,2,0,0,2,0,0,0,0,2,2,2,P:14,雪球:2,34,88.7%
600,16,36,15,34,18,15,1,3,0,0,2,0,2,0,0,0,2,2,R:20,雪球:2,36,79.4%
601,30,22,26,17,30,15,1,2,1,0,2,0,0,0,0,0,0,0,35,雪球:2,37,76.9%
602,32,35,15,31,11,15,1,3,1,0,2,0,0,0,0,0,0,0,35,雪球:2,37,75.7%
603,19,28,30,15,32,15,1,2,1,1,2,0,0,0,0,0,0,0,35,雪球:2,37,82.2%
604,32,25,35,13,19,15,1,3,1,0,2,0,0,0,0,0,0,0,P:8,雪球:2,31,97.0%
605,17,32,27,34,15,15,1,2,1,0,2,0,0,0,0,0,0,0,35,雪球:2,37,77.0%
606,15,28,34,21,27,15,1,2,1,0,2,0,0,0,0,0,0,0,35,雪球:2,37,77.0%
607,15,32,32,31,15,15,1,2,1,0,2,0,0,0,0,0,0,0,35,雪球:2,37,77.0%
608,11,35,26,20,32,15,1,3,1,0,2,0,0,0,0,0,0,0,Y:8,雪球:2,31,97.0%
609,24,28,23,17,32,15,1,3,1,0,2,0,0,0,0,0,0,0,35,雪球:2,37,75.7%
610,17,38,21,32,17,15,1,2,1,0,2,0,0,0,0,0,0,0,35,雪球:2,37,77.0%
611,32,22,24,13,34,15,1,2,1,0,2,0,0,0,0,0,0,0,35,雪球:2,37,77.0%
612,32,35,15,28,13,15,1,3,1,1,2,0,0,0,0,0,0,0,B:13,雪球:2,32,97.0%
613,19,34,27,15,30,15,1,2,1,0,2,0,0,0,0,0,0,0,35,雪球:2,37,77.0%
614,34,30,29,15,17,15,1,2,1,0,2,0,0,0,0,0,0,0,35,雪球:2,37,77.0%
615,16,30,26,40,13,15,1,2,1,0,2,0,0,0,0,0,0,0,35,雪球:2,37,77.0%
616,12,30,36,21,25,15,1,3,1,0,2,0,0,0,0,0,0,0,G:15,雪球:2,33,95.5%
617,15,35,32,26,17,15,1,2,1,0,2,0,0,0,0,0,0,0,35,雪球:2,37,77.0%
618,15,34,25,17,34,15,1,2,1,0,2,0,0,0,0,0,0,0,35,雪球:2,37,77.0%
619,30,37,13,21,24,15,1,2,1,0,2,0,0,0,0,0,0,0,35,雪球:2,37,77.0%
620,19,38,17,31,19,15,1,3,1,0,2,0,0,0,0,0,0,0,R:15,雪球:2,33,95.5%
621,30,23,22,17,32,15,1,2,1,1,2,0,0,0,0,0,0,0,35,雪球:2,37,82.3%
622,32,35,11,34,13,15,1,2,1,0,2,0,0,0,0,0,0,0,35,雪球:2,37,77.0%
623,17,32,29,15,31,15,1,3,1,0,2,0,0,0,0,0,0,0,35,雪球:2,37,75.8%
624,33,28,35,11,17,15,1,3,1,0,2,0,0,0,0,0,0,0,P:7,雪球:2,31,97.0%
625,17,34,24,38,12,15,1,2,1,0,2,0,0,0,0,0,0,0,35,雪球:2,37,77.1%
626,16,32,37,20,28,16,1,2,1,0,2,0,0,0,0,0,0,0,37,雪球:2,38,75.5%
627,13,34,36,32,18,16,1,2,1,0,2,0,0,0,0,0,0,0,37,雪球:2,38,75.5%
628,14,37,30,22,29,16,1,3,1,0,2,0,0,0,0,0,0,0,Y:9,雪球:2,32,97.0%
629,28,28,25,20,32,16,1,2,1,0,2,0,0,0,0,0,0,0,37,雪球:2,38,75.6%
630,16,39,22,36,18,16,1,3,1,1,2,0,0,0,0,0,0,0,37,雪球:2,38,79.6%
631,36,22,24,16,35,16,1,2,1,0,2,0,0,0,0,0,0,0,37,雪球:2,38,75.6%
632,35,35,14,34,14,16,1,3,1,0,2,0,0,0,0,0,0,0,B:14,雪球:2,33,96.5%
633,18,36,27,16,36,16,1,2,1,0,2,0,0,0,0,0,0,0,37,雪球:2,38,75.6%
634,32,32,37,14,18,16,1,2,1,0,2,0,0,0,0,0,0,0,37,雪球:2,38,75.6%
635,18,34,22,43,16,16,1,2,1,0,2,0,0,0,0,0,0,0,37,雪球:2,38,75.6%
636,12,32,35,22,31,16,1,3,1,0,2,0,0,0,0,0,0,0,G:14,雪球:2,33,96.5%
637,14,35,31,34,18,16,1,3,1,0,2,0,0,0,0,0,0,0,37,雪球:2,38,74.3%
638,17,36,30,14,36,16,1,2,1,0,2,0,0,0,0,0,0,0,38,雪球:2,38,73.4%
639,30,40,18,20,24,16,1,2,1,1,2,0,0,0,0,0,0,0,37,雪球:2,38,80.8%
640,20,39,18,35,20,16,1,3,1,0,2,0,0,0,0,0,0,0,R:16,雪球:2,33,93.5%
641,34,24,27,18,30,16,1,2,1,0,2,0,0,0,0,0,0,0,38,雪球:2,38,73.4%
642,36,37,14,34,12,16,1,2,1,0,2,0,0,0,0,0,0,0,38,雪球:2,38,73.4%
643,20,29,32,16,36,16,1,2,1,0,2,0,0,0,0,0,0,0,38,雪球:2,38,73.4%
644,31,29,37,14,20,16,1,4,1,0,2,0,0,0,0,0,0,0,P:8,雪球:3,33,97.0%
645,18,34,28,37,16,16,1,2,1,0,2,0,0,0,0,0,0,0,38,雪球:2,38,73.4%
646,16,29,36,20,32,16,1,2,1,0,2,0,0,0,0,0,0,0,38,雪球:2,38,73.4%
647,16,34,34,33,16,16,1,2,1,0,2,0,0,0,0,0,0,0,38,雪球:2,38,73.4%
648,12,37,26,22,34,16,1,3,1,1,2,0,0,0,0,0,0,0,Y:9,雪球:2,32,97.0%
649,25,30,24,20,34,16,1,2,1,0,2,0,0,0,0,0,0,0,38,雪球:2,38,73.4%
650,18,41,22,34,18,16,1,2,1,0,2,0,0,0,0,0,0,0,38,雪球:2,38,73.4%
651,34,23,26,14,35,16,1,3,1,0,2,0,0,0,0,0,0,0,37,雪球:2,38,74.4%
652,35,39,14,30,14,16,1,3,1,0,2,0,0,0,0,0,0,0,B:14,雪球:2,33,96.5%
653,20,36,29,14,34,16,1,2,1,0,2,0,0,0,0,0,0,0,38,雪球:2,38,73.5%
654,34,31,36,16,16,16,1,2,1,0,2,0,0,0,0,0,0,0,38,雪球:2,38,73.5%
655,14,32,28,43,16,16,1,2,1,0,2,0,0,0,0,0,0,0,38,雪球:2,38,73.5%
656,14,30,37,22,29,16,1,3,1,0,2,0,0,0,0,0,0,0,G:15,雪球:2,33,95.2%
657,16,38,34,28,16,16,1,2,1,1,2,0,0,0,0,0,0,0,37,雪球:2,38,80.8%
658,16,35,26,20,35,16,1,3,1,0,2,0,0,0,0,0,0,0,37,雪球:2,38,74.5%
659,32,37,16,22,26,16,1,2,1,0,2,0,0,0,0,0,0,0,38,雪球:2,38,73.5%
660,21,41,18,34,18,16,1,3,1,0,2,0,0,0,0,0,0,0,R:17,雪球:2,34,93.5%
661,32,24,25,18,34,16,1,2,1,0,2,0,0,0,0,0,0,0,38,雪球:2,38,73.5%
662,32,39,14,36,12,16,1,2,1,0,2,0,0,0,0,0,0,0,38,雪球:2,38,73.5%
663,18,34,31,16,34,16,1,2,1,0,2,0,0,0,0,0,0,0,38,雪球:2,38,73.5%
664,35,30,37,12,18,16,1,3,1,0,2,0,0,0,0,0,0,0,P:8,雪球:2,32,97.0%
665,18,35,26,41,12,16,1,3,1,0,2,0,0,0,0,0,0,0,37,雪球:2,38,74.5%
666,14,32,38,20,28,16,1,2,1,1,2,0,0,0,0,0,0,0,37,雪球:2,38,80.9%
667,12,35,35,32,18,16,1,3,1,0,2,0,0,0,0,0,0,0,37,雪球:2,38,74.5%
668,14,37,30,21,29,16,1,4,1,0,2,0,0,0,0,0,0,0,Y:9,雪球:3,33,97.0%
669,28,27,25,20,32,16,1,3,1,0,2,0,0,0,0,0,0,0,37,雪球:2,38,74.5%
670,16,39,22,35,20,16,1,3,1,0,2,0,0,0,0,0,0,0,37,雪球:2,38,74.5%
671,36,22,24,14,36,16,1,3,1,0,2,0,0,0,0,0,0,0,37,雪球:2,38,74.5%
672,35,35,14,33,14,16,1,4,1,0,2,0,0,0,0,0,0,0,B:14,雪球:3,34,95.7%
673,20,35,26,16,35,16,1,3,1,0,2,0,0,0,0,0,0,0,38,雪球:2,38,72.3%
674,34,31,35,14,18,16,1,3,1,0,2,0,0,0,0,0,0,0,38,雪球:2,38,72.3%
675,18,34,22,41,16,16,1,3,1,1,2,0,0,0,0,0,0,0,37,雪球:2,38,79.8%
676,16,33,31,21,30,16,1,4,1,0,2,0,0,0,0,0,0,0,G:13,雪球:3,34,96.9%
677,16,34,31,33,18,16,1,3,1,0,2,0,0,0,0,0,0,0,38,雪球:2,38,72.3%
678,16,35,30,16,35,16,1,3,1,0,2,0,0,0,0,0,0,0,38,雪球:2,38,72.3%
679,31,39,18,20,23,16,1,4,1,0,2,0,0,0,0,0,0,0,37,雪球:3,39,73.8%
680,20,39,20,34,18,16,1,4,1,0,2,0,0,0,0,0,0,0,R:16,雪球:3,34,92.4%
681,32,23,27,18,32,16,1,3,1,0,2,0,0,0,0,0,0,0,38,雪球:2,38,72.4%
682,34,36,14,34,14,16,1,3,1,0,2,0,0,0,0,0,0,0,38,雪球:2,38,72.4%
683,20,29,32,16,35,16,1,3,1,0,2,0,0,0,0,0,0,0,38,雪球:2,38,72.4%
684,33,28,37,14,18,16,1,4,1,1,2,0,0,0,0,0,0,0,P:8,雪球:3,32,97.0%
685,18,34,27,37,16,16,1,3,1,0,2,0,0,0,0,0,0,0,38,雪球:2,38,72.4%
686,16,30,35,21,29,16,1,4,1,0,2,0,0,0,0,0,0,0,37,雪球:3,39,73.8%
687,16,34,33,33,16,16,1,3,1,0,2,0,0,0,0,0,0,0,38,雪球:2,38,72.4%
688,12,37,28,21,33,16,1,4,1,0,2,0,0,0,0,0,0,0,Y:9,雪球:3,33,97.0%
689,23,30,25,20,34,16,1,3,1,0,2,0,0,0,0,0,0,0,38,雪球:2,39,76.0%
690,18,39,22,35,18,16,1,3,1,0,2,0,0,0,0,0,0,0,38,雪球:2,39,76.0%
691,34,23,26,14,35,16,1,3,1,0,2,0,0,0,0,0,0,0,38,雪球:2,39,76.0%
692,33,37,16,31,14,16,1,4,1,0,2,0,0,0,0,0,0,0,B:14,雪球:3,34,95.6%
693,20,36,30,14,30,16,1,4,1,1,2,0,0,0,0,0,0,0,37,雪球:3,39,78.9%
694,34,31,35,16,16,16,1,3,1,0,2,0,0,0,0,0,0,0,38,雪球:2,39,76.0%
695,14,32,27,43,16,16,1,3,1,0,2,0,0,0,0,0,0,0,38,雪球:2,39,76.0%
696,14,30,37,21,29,16,1,4,1,0,2,0,0,0,0,0,0,0,G:15,雪球:3,34,94.2%
697,16,37,34,27,18,16,1,3,1,0,2,0,0,0,0,0,0,0,38,雪球:2,39,76.0%
698,16,35,26,20,35,16,1,3,1,0,2,0,0,0,0,0,0,0,38,雪球:2,39,76.0%
699,32,39,14,22,25,16,1,3,1,0,2,0,0,0,0,0,0,0,38,雪球:2,39,76.0%
700,20,41,18,32,20,16,1,4,1,0,2,0,0,0,0,0,0,0,R:17,雪球:3,35,92.5%
701,34,20,26,18,32,16,0,3,0,0,0,0,0,2,0,0,2,2,G:17,雪球:2,35,85.0%
702,34,34,13,34,14,16,0,3,0,1,0,2,0,0,0,0,2,2,B:20,雪球:2,35,83.3%
703,16,34,31,13,36,16,0,3,0,0,0,0,0,0,2,0,2,2,Y:12,雪球:2,34,90.9%
704,32,28,38,11,20,16,0,4,0,0,0,0,0,0,0,2,2,2,P:14,雪球:3,35,88.6%
705,14,36,25,38,16,16,1,3,0,0,0,0,2,0,0,0,2,2,R:21,雪球:2,36,76.7%
706,16,32,38,18,26,16,0,3,0,0,0,0,0,2,0,0,2,2,G:22,雪球:2,36,75.3%
707,14,34,32,32,16,16,0,4,1,0,0,2,0,0,0,0,2,2,B:12,雪球:3,34,91.9%
708,16,36,30,18,29,16,0,4,0,0,0,0,0,0,2,0,2,2,Y:14,雪球:3,35,86.7%
709,32,27,26,21,34,17,0,3,0,0,0,0,0,0,0,2,2,2,P:20,雪球:2,36,80.7%
710,19,41,25,35,19,17,1,3,0,0,0,0,2,0,0,0,2,2,R:23,雪球:2,37,74.4%
711,37,21,31,19,31,17,0,3,0,1,0,0,0,2,0,0,2,2,G:19,雪球:2,35,84.8%
712,32,38,17,38,14,17,0,4,0,0,0,2,0,0,0,0,2,2,B:19,雪球:3,36,79.1%
713,19,36,33,17,35,17,0,3,0,0,0,0,0,0,2,0,2,2,Y:13,雪球:2,34,90.6%
714,35,29,36,17,21,17,0,4,1,0,0,0,0,0,0,2,2,2,P:15,雪球:3,35,88.5%
715,16,37,29,39,18,17,1,3,0,0,0,0,2,0,0,0,2,2,R:21,雪球:2,36,76.7%
716,15,34,36,24,30,17,0,4,0,0,0,0,0,2,0,0,2,2,G:21,雪球:3,37,76.8%
717,14,36,35,36,19,17,0,3,0,0,0,2,0,0,0,0,2,2,B:12,雪球:2,34,91.6%
718,17,41,31,19,32,17,0,3,0,0,0,0,0,0,2,0,2,2,Y:14,雪球:2,34,88.4%
719,32,43,15,19,31,17,0,3,0,0,0,0,0,0,0,2,2,2,P:19,雪球:2,36,82.9%
720,22,41,22,33,19,17,1,4,0,1,0,0,2,0,0,0,2,2,R:23,雪球:3,37,75.3%
721,38,21,29,17,33,17,0,4,1,0,0,0,0,2,0,0,2,2,G:18,雪球:3,36,85.4%
722,34,41,16,34,15,17,0,3,0,0,0,2,0,0,0,0,2,2,B:20,雪球:2,36,80.7%
723,21,31,35,17,36,17,0,3,0,0,0,0,0,0,2,0,2,2,Y:13,雪球:2,34,90.6%
724,36,31,38,15,19,17,0,4,0,0,0,0,0,0,0,2,2,2,P:14,雪球:3,35,87.2%
725,19,37,28,39,16,17,1,3,0,0,0,0,2,0,0,0,2,2,R:21,雪球:2,36,76.8%
726,18,28,39,24,31,17,0,3,0,0,0,0,0,2,0,0,2,2,G:22,雪球:2,36,75.4%
727,14,38,35,34,19,17,0,3,0,0,0,2,0,0,0,0,2,2,B:12,雪球:2,34,91.6%
728,15,38,31,21,32,17,0,5,1,0,0,0,0,0,2,0,2,2,Y:15,雪球:3,35,87.5%
729,26,33,24,21,35,17,0,3,0,1,0,0,0,0,0,2,2,2,P:20,雪球:2,35,83.4%
730,20,41,22,37,19,17,1,3,0,0,0,0,2,0,0,0,2,2,R:23,雪球:2,37,74.5%
731,36,25,24,17,38,17,0,3,0,0,0,0,0,2,0,0,2,2,G:16,雪球:2,35,87.1%
732,30,42,18,34,15,17,0,4,0,0,0,2,0,0,0,0,2,2,B:18,雪球:3,36,82.1%
733,21,35,32,16,36,17,0,3,0,0,0,0,0,0,2,0,2,2,Y:13,雪球:2,34,89.7%
734,33,35,38,17,17,17,0,3,0,0,0,0,0,0,0,2,2,2,P:13,雪球:2,34,90.6%
735,16,36,30,39,16,17,1,4,1,0,0,0,2,0,0,0,2,2,R:21,雪球:3,37,79.5%
736,17,30,36,24,32,17,0,4,0,0,0,0,0,2,0,0,2,2,G:21,雪球:3,37,76.9%
737,16,39,35,30,20,17,0,3,0,0,0,2,0,0,0,0,2,2,B:13,雪球:2,34,89.7%
738,16,36,30,24,33,17,0,3,0,1,0,0,0,0,2,0,2,2,Y:16,雪球:2,35,91.4%
739,31,41,17,21,30,17,0,3,0,0,0,0,0,0,0,2,2,2,P:18,雪球:2,35,83.2%
740,22,41,20,36,19,17,1,4,0,0,0,0,2,0,0,0,2,2,R:23,雪球:3,38,73.7%
741,38,22,25,19,36,17,0,3,0,0,0,0,0,2,0,0,2,2,G:16,雪球:2,35,87.9%
742,36,41,14,32,15,17,0,4,1,0,0,2,0,0,0,0,2,2,B:21,雪球:3,37,81.1%
743,18,32,32,17,41,17,0,3,0,0,0,0,0,0,2,0,2,2,Y:13,雪球:2,34,90.7%
744,31,34,38,15,21,17,0,4,0,0,0,0,0,0,0,2,2,2,P:15,雪球:3,36,87.6%
745,19,36,29,41,14,17,1,3,0,0,0,0,2,0,0,0,2,2,R:21,雪球:2,37,79.8%
746,17,33,36,21,33,17,0,3,0,0,0,0,0,2,0,0,2,2,G:21,雪球:2,36,77.9%
747,18,39,34,30,18,17,0,3,0,1,0,2,0,0,0,0,2,2,B:14,雪球:2,34,91.8%
748,18,37,33,21,30,17,0,4,0,0,0,0,0,0,2,0,2,2,Y:15,雪球:3,36,87.6%
749,26,31,28,21,32,17,0,4,1,0,0,0,0,0,0,2,2,2,P:19,雪球:3,36,83.5%
750,20,41,22,37,19,17,1,3,0,0,0,0,2,0,0,0,2,2,R:23,雪球:2,37,74.6%
751,36,25,24,19,36,17,0,3,0,0,0,0,0,2,0,0,2,2,G:16,雪球:2,35,87.2%
752,36,41,17,33,12,17,0,4,0,0,0,2,0,0,0,0,2,2,B:21,雪球:3,37,77.0%
753,21,34,27,17,41,17,0,3,0,0,0,0,0,0,2,0,2,2,Y:13,雪球:2,34,90.7%
754,32,35,38,16,19,17,0,3,0,0,0,0,0,0,0,2,2,2,P:14,雪球:2,35,90.9%
755,16,31,30,45,17,17,1,3,0,0,0,0,2,0,0,0,2,2,R:19,雪球:2,36,81.4%
756,17,29,32,24,34,17,0,5,1,1,0,0,0,2,0,0,2,2,G:19,雪球:3,36,87.2%
757,18,38,31,36,17,17,0,3,0,0,0,2,0,0,0,0,2,2,B:14,雪球:2,35,90.1%
758,17,38,25,22,38,17,0,3,0,0,0,0,0,0,2,0,2,2,Y:15,雪球:2,35,89.5%
759,29,43,21,18,29,17,0,3,0,0,0,0,0,0,0,2,2,2,P:18,雪球:2,36,85.7%
760,19,39,22,39,19,17,1,4,0,0,0,0,2,0,0,0,2,2,R:22,雪球:3,38,76.7%
761,31,26,28,19,36,17,0,3,0,0,0,0,0,2,0,0,2,2,G:18,雪球:2,36,85.0%
762,34,41,17,34,14,17,0,3,0,0,0,2,0,0,0,0,2,2,B:20,雪球:2,36,80.9%
763,19,33,31,17,38,17,0,4,1,0,0,0,0,0,2,0,2,2,Y:13,雪球:3,35,92.6%
764,36,29,38,15,21,17,0,4,0,0,0,0,0,0,0,2,2,2,P:15,雪球:3,36,87.7%
765,18,31,28,43,18,17,1,3,0,1,0,0,2,0,0,0,2,2,R:19,雪球:2,36,86.4%
766,15,32,36,25,32,17,0,3,0,0,0,0,0,2,0,0,2,2,G:21,雪球:2,36,78.0%
767,17,41,36,31,15,17,0,3,0,0,0,2,0,0,0,0,2,2,B:13,雪球:2,34,90.7%
768,15,38,27,21,38,17,0,4,0,0,0,0,0,0,2,0,2,2,Y:15,雪球:3,36,87.7%
769,26,34,29,19,32,17,0,3,0,0,0,0,0,0,0,2,2,2,P:19,雪球:2,36,83.7%
770,14,42,22,39,20,17,1,4,1,0,0,0,2,0,0,0,2,2,R:23,雪球:3,38,78.6%
771,32,24,29,17,38,17,0,3,0,0,0,0,0,2,0,0,2,2,G:18,雪球:2,36,85.7%
772,34,42,17,36,10,17,0,4,0,0,0,2,0,0,0,0,2,2,B:20,雪球:3,37,79.9%
773,19,38,29,16,38,17,0,3,0,0,0,0,0,0,2,0,2,2,Y:13,雪球:2,34,89.8%
774,35,30,39,16,19,17,0,3,0,1,0,0,0,0,0,2,2,2,P:14,雪球:2,34,92.7%
775,16,33,28,45,17,17,1,3,0,0,0,0,2,0,0,0,2,2,R:20,雪球:2,36,78.6%
776,15,34,36,22,32,17,0,4,0,0,0,0,0,2,0,0,2,2,G:21,雪球:3,37,77.1%
777,16,38,38,30,16,17,0,4,1,0,0,2,0,0,0,0,2,2,B:13,雪球:3,35,91.9%
778,15,38,25,24,38,17,0,3,0,0,0,0,0,0,2,0,2,2,Y:16,雪球:2,35,87.3%
779,34,43,17,21,25,17,0,3,0,0,0,0,0,0,0,2,2,2,P:17,雪球:2,35,83.8%
780,17,43,20,36,22,17,1,4,0,0,0,0,2,0,0,0,2,2,R:24,雪球:3,38,71.0%
781,31,24,28,18,39,17,0,3,0,0,0,0,0,2,0,0,2,2,G:18,雪球:2,36,85.0%
782,36,35,17,38,14,17,0,3,0,0,0,2,0,0,0,0,2,2,B:21,雪球:2,36,78.0%
783,16,39,30,16,38,17,0,3,0,1,0,0,0,0,2,0,2,2,Y:13,雪球:2,34,93.6%
784,34,32,34,15,22,17,0,5,1,0,0,0,0,0,0,2,2,2,P:15,雪球:3,36,90.8%
785,20,36,25,41,17,17,1,3,0,0,0,0,2,0,0,0,2,2,R:21,雪球:2,37,79.9%
786,14,36,38,17,35,17,0,3,0,0,0,0,0,2,0,0,2,2,G:22,雪球:2,37,78.7%
787,17,38,38,31,16,17,0,3,0,0,0,2,0,0,0,0,2,2,B:13,雪球:2,35,92.8%
788,13,38,30,24,34,17,0,4,0,0,0,0,0,0,2,0,2,2,Y:16,雪球:3,36,86.2%
789,32,31,28,19,30,17,0,3,0,0,0,0,0,0,0,2,2,2,P:19,雪球:2,36,82.4%
790,18,45,19,35,22,17,1,3,0,0,0,0,2,0,0,0,2,2,R:25,雪球:2,38,72.6%
791,36,24,31,15,32,17,0,4,1,0,0,0,0,2,0,0,2,2,G:19,雪球:3,36,83.0%
792,41,36,15,41,13,18,0,4,0,1,0,2,0,0,0,0,2,2,B:23,雪球:3,38,80.0%
793,18,41,30,18,41,18,0,3,0,0,0,0,0,0,2,0,2,2,Y:14,雪球:2,35,89.6%
794,36,36,36,18,22,18,0,3,0,0,0,0,0,0,0,2,2,2,P:15,雪球:2,35,89.1%
795,19,37,27,45,19,18,1,3,0,0,0,0,2,0,0,0,2,2,R:21,雪球:2,37,80.0%
796,16,38,38,21,34,18,0,4,0,0,0,0,0,2,0,0,2,2,G:22,雪球:3,38,77.2%
797,16,39,36,36,21,18,0,3,0,0,0,2,0,0,0,0,2,2,B:13,雪球:2,35,91.6%
798,13,40,30,23,40,18,0,4,1,0,0,0,0,0,2,0,2,2,Y:16,雪球:3,36,88.5%
799,36,43,23,21,25,18,0,3,0,0,0,0,0,0,0,2,2,2,P:17,雪球:2,36,86.3%
800,21,44,24,36,21,18,1,4,0,0,0,0,2,0,0,0,2,2,R:24,雪球:3,39,74.7%
801,40,24,26,22,31,18,1,3,1,1,2,0,0,2,0,0,2,2,G:17,雪球:2,36,91.7%
802,37,40,15,35,17,18,1,3,1,0,2,2,0,0,0,0,2,2,B:21,雪球:2,38,85.2%
803,19,27,36,19,43,18,1,3,1,0,2,0,0,0,2,0,2,2,Y:14,雪球:2,36,93.1%
804,31,33,41,15,23,18,1,4,1,0,2,0,0,0,0,2,2,2,P:16,雪球:3,37,88.2%
805,22,37,30,46,8,18,1,4,1,0,2,0,2,0,0,0,2,2,R:21,雪球:3,38,81.4%
806,19,31,37,24,33,18,1,3,1,0,2,0,0,2,0,0,2,2,G:21,雪球:2,38,85.3%
807,17,37,36,35,19,18,1,3,1,0,2,2,0,0,0,0,2,2,B:13,雪球:2,36,94.6%
808,15,40,33,23,32,18,1,4,1,0,2,0,0,0,2,0,2,2,Y:16,雪球:3,37,88.3%
809,22,33,30,24,35,18,1,3,1,0,2,0,0,0,0,2,2,2,P:21,雪球:2,38,84.1%
810,19,45,24,38,17,18,1,3,1,1,2,0,2,0,0,0,2,2,R:25,雪球:2,38,79.7%
811,40,24,26,17,37,18,1,3,1,0,2,0,0,2,0,0,2,2,G:17,雪球:2,37,90.1%
812,37,41,17,30,17,18,1,5,1,0,2,2,0,0,0,0,2,2,B:21,雪球:3,39,83.2%
813,24,36,28,19,37,18,1,3,1,0,2,0,0,0,2,0,2,2,Y:14,雪球:2,36,93.1%
814,33,36,41,17,17,18,1,3,1,0,2,0,0,0,0,2,2,2,P:13,雪球:2,36,94.6%
815,19,31,28,49,17,18,1,3,1,0,2,0,2,0,0,0,2,2,R:19,雪球:2,37,86.3%
816,17,31,35,25,35,18,1,4,1,0,2,0,0,2,0,0,2,2,G:21,雪球:3,39,83.2%
817,19,40,31,35,19,18,1,3,1,0,2,2,0,0,0,0,2,2,B:14,雪球:2,36,93.1%
818,19,40,24,19,42,18,1,3,1,0,2,0,0,0,2,0,2,2,Y:14,雪球:2,36,93.1%
819,31,44,19,17,31,18,1,4,1,1,2,0,0,0,0,2,2,2,P:19,雪球:3,38,89.4%
820,22,41,19,40,21,18,1,4,1,0,2,0,2,0,0,0,2,2,R:23,雪球:3,39,79.2%
821,33,24,28,22,37,18,1,3,1,0,2,0,0,2,0,0,2,2,G:18,雪球:2,37,88.0%
822,33,44,17,37,13,18,1,3,1,0,2,2,0,0,0,0,2,2,B:20,雪球:2,38,86.6%
823,22,33,30,19,40,18,1,3,1,0,2,0,0,0,2,0,2,2,Y:14,雪球:2,36,93.1%
824,40,26,41,15,21,18,1,4,1,0,2,0,0,0,0,2,2,2,P:15,雪球:3,37,90.3%
825,19,34,33,41,17,18,1,3,1,0,2,0,2,0,0,0,2,2,R:20,雪球:2,38,87.1%
826,17,33,40,21,32,18,1,4,1,0,2,0,0,2,0,0,2,2,G:23,雪球:3,39,78.7%
827,15,42,40,30,17,18,1,3,1,0,2,2,0,0,0,0,2,2,B:13,雪球:2,36,93.2%
828,15,42,26,24,35,18,1,4,1,1,2,0,0,0,2,0,2,2,Y:16,雪球:3,37,92.6%
829,28,33,31,19,33,18,1,3,1,0,2,0,0,0,0,2,2,2,P:20,雪球:2,38,86.6%
830,15,42,25,40,22,18,1,3,1,0,2,0,2,0,0,0,2,2,R:24,雪球:2,38,76.9%
831,35,24,28,17,40,18,1,3,1,0,2,0,0,2,0,0,2,2,G:18,雪球:2,37,88.1%
832,40,39,17,32,15,18,1,4,1,0,2,2,0,0,0,0,2,2,B:23,雪球:3,39,78.7%
833,21,41,24,17,40,18,1,4,1,0,2,0,0,0,2,0,2,2,Y:13,雪球:3,37,93.7%
834,33,35,42,15,19,18,1,3,1,0,2,0,0,0,0,2,2,2,P:14,雪球:2,36,93.1%
835,17,33,31,44,19,18,1,3,1,0,2,0,2,0,0,0,2,2,R:20,雪球:2,38,86.6%
836,10,36,38,24,35,18,1,4,1,0,2,0,0,2,0,0,2,2,G:22,雪球:3,39,81.4%
837,19,38,38,33,15,18,1,3,1,1,2,2,0,0,0,0,2,2,B:14,雪球:2,36,95.9%
838,17,40,26,19,42,18,1,3,1,0,2,0,0,0,2,0,2,2,Y:14,雪球:2,36,93.1%
839,37,44,17,22,24,18,1,3,1,0,2,0,0,0,0,2,2,2,P:16,雪球:2,37,92.1%
840,19,43,17,40,23,18,1,5,1,0,2,0,2,0,0,0,2,2,R:24,雪球:3,39,75.5%
841,33,24,31,19,37,18,1,3,1,0,2,0,0,2,0,0,2,2,G:19,雪球:2,37,86.4%
842,40,37,17,37,13,18,1,3,1,0,2,2,0,0,0,0,2,2,B:23,雪球:2,38,79.7%
843,19,35,31,17,42,18,1,3,1,0,2,0,0,0,2,0,2,2,Y:13,雪球:2,36,94.6%
844,37,31,37,15,23,18,1,4,1,0,2,0,0,0,0,2,2,2,P:16,雪球:3,38,90.5%
845,19,37,31,42,15,18,1,3,1,0,2,0,2,0,0,0,2,2,R:22,雪球:2,38,81.7%
846,13,36,40,19,35,18,1,3,1,1,2,0,0,2,0,0,2,2,G:23,雪球:2,38,84.5%
847,15,36,40,33,19,18,1,4,1,0,2,2,0,0,0,0,2,2,B:13,雪球:3,37,92.2%
848,10,42,31,25,35,18,1,4,1,0,2,0,0,0,2,0,2,2,Y:17,雪球:3,38,88.6%
849,28,28,31,22,35,18,1,3,1,0,2,0,0,0,0,2,2,2,P:21,雪球:2,38,84.3%
850,19,46,24,33,22,18,1,3,1,0,2,0,2,0,0,0,2,2,R:25,雪球:2,39,78.7%
851,37,26,33,13,35,18,1,3,1,0,2,0,0,2,0,0,2,2,G:20,雪球:2,38,86.7%
852,40,35,17,34,17,18,1,4,1,0,2,2,0,0,0,0,2,2,B:23,雪球:3,39,78.8%
853,19,42,29,17,37,18,1,3,1,0,2,0,0,0,2,0,2,2,Y:13,雪球:2,36,94.6%
854,40,35,32,19,17,18,1,4,1,0,2,0,0,0,0,2,2,2,P:13,雪球:3,37,93.7%
855,19,36,24,45,19,18,1,3,1,1,2,0,2,0,0,0,2,2,R:21,雪球:2,38,89.1%
856,15,40,40,21,27,18,1,4,1,0,2,0,0,2,0,0,2,2,G:23,雪球:3,39,78.8%
857,17,40,35,30,22,18,1,3,1,0,2,2,0,0,0,0,2,2,B:13,雪球:2,36,94.6%
858,15,41,28,17,43,18,1,3,1,0,2,0,0,0,2,0,2,2,Y:13,雪球:2,36,94.6%
859,37,42,19,22,24,18,1,3,1,0,2,0,0,0,0,2,2,2,P:16,雪球:2,37,92.1%
860,23,46,22,33,19,18,1,4,1,0,2,0,2,0,0,0,2,2,R:25,雪球:3,40,77.9%
861,37,25,31,17,33,18,1,4,1,0,2,0,0,2,0,0,2,2,G:19,雪球:3,38,85.4%
862,37,35,17,42,13,18,1,3,1,0,2,2,0,0,0,0,2,2,B:22,雪球:2,38,81.8%
863,22,35,37,15,35,18,1,3,1,0,2,0,0,0,2,0,2,2,Y:13,雪球:2,36,93.2%
864,42,28,40,15,17,18,1,4,1,1,2,0,0,0,0,2,2,2,P:13,雪球:3,37,96.2%
865,22,40,25,40,17,18,1,3,1,0,2,0,2,0,0,0,2,2,R:23,雪球:2,38,79.8%
866,19,36,44,19,26,18,1,3,1,0,2,0,0,2,0,0,2,2,G:25,雪球:2,39,77.6%
867,17,37,37,34,19,18,1,3,1,0,2,2,0,0,0,0,2,2,B:13,雪球:2,36,94.7%
868,15,37,32,23,35,18,1,5,1,0,2,0,0,0,2,0,2,2,Y:16,雪球:3,38,89.7%
869,32,26,31,17,38,18,1,3,1,0,2,0,0,0,0,2,2,2,P:22,雪球:2,38,82.4%
870,19,46,24,36,19,18,1,3,1,0,2,0,2,0,0,0,2,2,R:25,雪球:2,39,78.7%
871,40,25,31,15,33,18,1,3,1,0,2,0,0,2,0,0,2,2,G:19,雪球:2,38,88.9%
872,42,37,15,34,15,18,1,4,1,0,2,2,0,0,0,0,2,2,B:24,雪球:3,39,76.2%
873,24,42,31,13,33,18,1,3,1,1,2,0,0,0,2,0,2,2,Y:12,雪球:2,36,96.8%
874,33,33,42,17,19,18,1,3,1,0,2,0,0,0,0,2,2,2,P:14,雪球:2,36,93.2%
875,19,40,25,42,17,18,1,4,1,0,2,0,2,0,0,0,2,2,R:23,雪球:3,39,78.9%
876,16,37,44,25,30,19,1,4,1,0,2,0,0,2,0,0,2,2,G:25,雪球:3,40,76.3%
877,18,39,35,38,23,19,1,3,1,0,2,2,0,0,0,0,2,2,B:14,雪球:2,37,93.8%
878,20,40,32,18,43,19,1,3,1,0,2,0,0,0,2,0,2,2,Y:14,雪球:2,37,93.8%
879,39,42,18,29,25,19,1,3,1,0,2,0,0,0,0,2,2,2,P:17,雪球:2,37,89.2%
880,26,50,20,38,18,19,1,4,1,0,2,0,2,0,0,0,2,2,R:27,雪球:3,40,72.1%
881,42,25,33,23,30,19,1,3,1,0,2,0,0,2,0,0,2,2,G:20,雪球:2,38,86.3%
882,40,37,13,43,18,19,1,4,1,1,2,2,0,0,0,0,2,2,B:23,雪球:3,39,83.1%
883,20,38,40,18,37,19,1,3,1,0,2,0,0,0,2,0,2,2,Y:14,雪球:2,37,93.8%
884,35,30,44,18,25,19,1,4,1,0,2,0,0,0,0,2,2,2,P:17,雪球:3,38,88.2%
885,20,42,28,47,16,19,1,3,1,0,2,0,2,0,0,0,2,2,R:24,雪球:2,39,79.8%
886,20,36,42,25,30,19,1,3,1,0,2,0,0,2,0,0,2,2,G:24,雪球:2,39,79.8%
887,16,38,37,42,20,19,1,3,1,0,2,2,0,0,0,0,2,2,B:13,雪球:2,37,95.1%
888,16,44,35,23,34,19,1,4,1,0,2,0,0,0,2,0,2,2,Y:16,雪球:3,38,90.2%
889,33,32,25,23,39,19,1,4,1,0,2,0,0,0,0,2,2,2,P:23,雪球:3,40,80.9%
890,20,47,28,38,20,19,1,3,1,0,2,0,2,0,0,0,2,2,R:26,雪球:2,40,78.3%
891,40,26,36,19,31,19,1,3,1,1,2,0,0,2,0,0,2,2,G:21,雪球:2,38,88.7%
892,39,42,16,37,18,19,1,4,1,0,2,2,0,0,0,0,2,2,B:23,雪球:3,40,80.9%
893,23,42,33,16,39,19,1,3,1,0,2,0,0,0,2,0,2,2,Y:13,雪球:2,37,95.1%
894,40,33,40,20,20,19,1,3,1,0,2,0,0,0,0,2,2,2,P:15,雪球:2,37,92.3%
895,20,40,25,50,18,19,1,3,1,0,2,0,2,0,0,0,2,2,R:23,雪球:2,39,82.4%
896,16,31,42,27,35,19,1,5,1,0,2,0,0,2,0,0,2,2,G:24,雪球:3,40,77.9%
897,16,40,40,37,20,19,1,3,1,0,2,2,0,0,0,0,2,2,B:13,雪球:2,37,95.1%
898,20,45,30,20,38,19,1,3,1,0,2,0,0,0,2,0,2,2,Y:15,雪球:2,37,92.3%
899,38,45,18,20,32,19,1,3,1,0,2,0,0,0,0,2,2,2,P:20,雪球:2,38,85.7%
900,25,47,20,36,23,19,1,4,1,1,2,0,2,0,0,0,2,2,R:26,雪球:3,40,79.1%
901,39,25,31,23,37,19,0,3,0,0,2,0,0,2,0,0,2,2,G:19,雪球:2,38,86.5%
902,38,47,13,44,13,19,0,3,0,0,2,2,0,0,0,0,2,2,B:22,雪球:2,38,79.6%
903,25,34,39,16,39,19,0,4,1,0,2,0,0,0,2,0,2,2,Y:13,雪球:3,37,93.7%
904,41,32,41,18,22,19,0,4,0,0,2,0,0,0,0,2,2,2,P:16,雪球:3,38,87.6%
905,23,42,34,42,13,19,1,3,0,0,2,0,2,0,0,0,2,2,R:24,雪球:2,39,76.0%
906,20,35,44,25,31,19,0,3,0,0,2,0,0,2,0,0,2,2,G:25,雪球:2,39,74.7%
907,18,39,42,36,20,19,0,3,0,0,2,2,0,0,0,0,2,2,B:14,雪球:2,37,92.3%
908,18,43,35,27,31,19,0,4,0,0,2,0,0,0,2,0,2,2,Y:18,雪球:3,38,83.9%
909,28,37,27,25,37,19,0,3,0,1,2,0,0,0,0,2,2,2,P:22,雪球:2,38,83.8%
910,20,42,28,42,20,19,1,4,1,0,2,0,2,0,0,0,2,2,R:24,雪球:3,40,79.0%
911,42,24,27,20,42,19,0,3,0,0,2,0,0,2,0,0,2,2,G:18,雪球:2,38,87.5%
912,41,43,16,36,18,19,0,4,0,0,2,2,0,0,0,0,2,2,B:23,雪球:3,40,79.8%
913,25,35,35,18,42,19,0,3,0,0,2,0,0,0,2,0,2,2,Y:14,雪球:2,37,92.3%
914,36,39,44,18,18,19,0,3,0,0,2,0,0,0,0,2,2,2,P:14,雪球:2,37,92.3%
915,20,44,30,47,13,19,1,3,0,0,2,0,2,0,0,0,2,2,R:25,雪球:2,40,76.6%
916,18,36,39,27,34,19,0,4,0,0,2,0,0,2,0,0,2,2,G:23,雪球:3,40,78.7%
917,16,44,34,39,20,19,0,4,1,0,2,2,0,0,0,0,2,2,B:13,雪球:3,37,93.7%
918,18,39,35,25,37,19,0,3,0,1,2,0,0,0,2,0,2,2,Y:17,雪球:2,37,91.2%
919,35,46,20,22,32,19,0,3,0,0,2,0,0,0,0,2,2,2,P:20,雪球:2,38,83.6%
920,25,44,18,43,23,19,1,4,0,0,2,0,2,0,0,0,2,2,R:25,雪球:3,40,72.6%
921,44,24,28,22,37,19,0,3,0,0,2,0,0,2,0,0,2,2,G:18,雪球:2,38,88.2%
922,36,44,18,39,18,19,0,3,0,0,2,2,0,0,0,0,2,2,B:21,雪球:2,38,82.3%
923,20,31,37,20,47,19,0,3,0,0,2,0,0,0,2,0,2,2,Y:15,雪球:2,37,90.6%
924,32,38,44,18,20,19,0,5,1,0,2,0,0,0,0,2,2,2,P:15,雪球:3,38,91.6%
925,18,39,32,49,16,19,1,3,0,0,2,0,2,0,0,0,2,2,R:23,雪球:2,39,78.1%
926,20,34,39,25,37,19,0,3,0,0,2,0,0,2,0,0,2,2,G:23,雪球:2,39,79.6%
927,18,42,37,39,18,19,0,3,0,1,2,2,0,0,0,0,2,2,B:14,雪球:2,37,95.2%
928,18,41,31,27,37,19,0,4,0,0,2,0,0,0,2,0,2,2,Y:18,雪球:3,39,86.6%
929,24,35,32,22,42,19,0,3,0,0,2,0,0,0,0,2,2,2,P:24,雪球:2,39,77.6%
930,23,44,23,41,23,19,1,3,0,0,2,0,2,0,0,0,2,2,R:25,雪球:2,40,76.7%
931,42,25,27,20,39,19,0,4,1,0,2,0,0,2,0,0,2,2,G:18,雪球:3,38,87.4%
932,41,46,18,31,18,19,0,4,0,0,2,2,0,0,0,0,2,2,B:23,雪球:3,40,79.9%
933,22,37,34,18,44,19,0,3,0,0,2,0,0,0,2,0,2,2,Y:14,雪球:2,37,92.4%
934,37,36,42,20,20,19,0,3,0,0,2,0,0,0,0,2,2,2,P:15,雪球:2,37,90.7%
935,23,33,31,54,13,19,1,3,0,0,2,0,2,0,0,0,2,2,R:20,雪球:2,39,85.6%
936,20,34,37,25,37,19,0,4,0,1,2,0,0,2,0,0,2,2,G:22,雪球:3,39,82.9%
937,18,47,39,31,20,19,0,3,0,0,2,2,0,0,0,0,2,2,B:14,雪球:2,37,92.4%
938,18,42,27,22,44,19,0,4,1,0,2,0,0,0,2,0,2,2,Y:16,雪球:3,38,90.7%
939,35,46,22,20,32,19,0,3,0,0,2,0,0,0,0,2,2,2,P:20,雪球:2,38,83.6%
940,23,44,22,42,22,19,1,4,0,0,2,0,2,0,0,0,2,2,R:25,雪球:3,40,72.7%
941,37,27,30,22,39,19,0,3,0,0,2,0,0,2,0,0,2,2,G:19,雪球:2,38,86.0%
942,41,46,18,34,16,19,0,3,0,0,2,2,0,0,0,0,2,2,B:24,雪球:2,39,77.0%
943,23,37,31,20,44,19,0,3,0,0,2,0,0,0,2,0,2,2,Y:15,雪球:2,37,90.7%
944,41,32,43,16,22,19,0,4,0,0,2,0,0,0,0,2,2,2,P:16,雪球:3,38,87.7%
945,23,32,36,44,16,19,1,4,1,1,2,0,2,0,0,0,2,2,R:20,雪球:3,39,88.9%
946,18,35,42,23,37,19,0,3,0,0,2,0,0,2,0,0,2,2,G:24,雪球:2,39,77.6%
947,16,46,39,34,20,19,0,3,0,0,2,2,0,0,0,0,2,2,B:13,雪球:2,37,93.9%
948,18,44,29,24,39,19,0,4,0,0,2,0,0,0,2,0,2,2,Y:16,雪球:3,38,89.1%
949,29,37,32,20,37,19,0,3,0,0,2,0,0,0,0,2,2,2,P:22,雪球:2,39,82.2%
950,16,46,28,42,22,19,1,3,0,0,2,0,2,0,0,0,2,2,R:26,雪球:2,40,74.2%
951,37,25,29,20,44,19,0,3,0,0,2,0,0,2,0,0,2,2,G:19,雪球:2,38,85.4%
952,44,43,16,31,18,19,0,5,1,0,2,2,0,0,0,0,2,2,B:25,雪球:3,40,77.0%
953,20,44,29,20,42,19,0,3,0,0,2,0,0,0,2,0,2,2,Y:15,雪球:2,37,90.7%
954,37,34,44,16,23,19,0,3,0,1,2,0,0,0,0,2,2,2,P:16,雪球:2,37,93.0%
955,20,37,30,49,18,19,1,3,0,0,2,0,2,0,0,0,2,2,R:22,雪球:2,39,80.8%
956,16,39,39,24,36,19,0,4,0,0,2,0,0,2,0,0,2,2,G:23,雪球:3,40,78.9%
957,18,42,42,35,18,19,0,3,0,0,2,2,0,0,0,0,2,2,B:14,雪球:2,37,92.4%
958,18,42,27,24,44,19,0,3,0,0,2,0,0,0,2,0,2,2,Y:16,雪球:2,37,90.1%
959,41,43,23,27,27,20,0,4,1,0,2,0,0,0,0,2,2,2,P:18,雪球:3,39,89.3%
960,22,48,21,46,24,20,1,4,0,0,2,0,2,0,0,0,2,2,R:27,雪球:3,40,66.9%
961,37,28,34,21,43,20,0,3,0,0,2,0,0,2,0,0,2,2,G:21,雪球:2,39,83.5%
962,43,43,22,41,14,20,0,3,0,0,2,2,0,0,0,0,2,2,B:24,雪球:2,40,80.8%
963,19,39,33,22,49,20,0,3,0,1,2,0,0,0,2,0,2,2,Y:16,雪球:2,38,93.6%
964,41,36,41,18,26,20,0,4,0,0,2,0,0,0,0,2,2,2,P:17,雪球:3,39,88.9%
965,22,42,31,48,19,20,1,3,0,0,2,0,2,0,0,0,2,2,R:24,雪球:2,40,78.9%
966,14,42,44,23,38,20,0,4,1,0,2,0,0,2,0,0,2,2,G:25,雪球:3,40,77.6%
967,19,43,43,37,21,20,0,3,0,0,2,2,0,0,0,0,2,2,B:14,雪球:2,37,92.7%
968,14,47,34,28,39,20,0,4,0,0,2,0,0,0,2,0,2,2,Y:18,雪球:3,39,86.8%
969,37,36,33,21,36,20,0,3,0,0,2,0,0,0,0,2,2,2,P:22,雪球:2,39,81.1%
970,22,53,27,37,23,20,1,3,0,0,2,0,2,0,0,0,2,2,R:29,雪球:2,40,66.2%
971,41,28,36,17,41,20,0,3,0,0,2,0,0,2,0,0,2,2,G:22,雪球:2,39,81.1%
972,47,38,19,38,19,20,0,4,0,1,2,2,0,0,0,0,2,2,B:26,雪球:3,40,76.5%
973,23,46,32,19,41,20,0,4,1,0,2,0,0,0,2,0,2,2,Y:14,雪球:3,38,94.1%
974,43,39,39,21,21,20,0,3,0,0,2,0,0,0,0,2,2,2,P:15,雪球:2,38,92.8%
975,24,39,28,52,19,20,1,3,0,0,2,0,2,0,0,0,2,2,R:23,雪球:2,40,80.8%
976,17,43,46,23,33,20,0,4,0,0,2,0,0,2,0,0,2,2,G:26,雪球:3,40,71.1%
977,21,43,41,34,24,20,0,3,0,0,2,2,0,0,0,0,2,2,B:15,雪球:2,38,92.8%
978,17,43,34,23,46,20,0,3,0,0,2,0,0,0,2,0,2,2,Y:16,雪球:2,38,91.1%
979,42,47,22,24,28,20,0,3,0,0,2,0,0,0,0,2,2,2,P:18,雪球:2,38,87.9%
980,27,51,21,37,23,20,1,5,1,0,2,0,2,0,0,0,2,2,R:28,雪球:3,40,67.7%
981,39,31,31,19,42,20,0,3,0,1,2,0,0,2,0,0,2,2,G:19,雪球:2,38,90.2%
982,43,43,17,46,14,20,0,3,0,0,2,2,0,0,0,0,2,2,B:24,雪球:2,40,80.8%
983,22,41,41,18,41,20,0,3,0,0,2,0,0,0,2,0,2,2,Y:14,雪球:2,37,92.1%
984,46,34,46,18,18,20,0,4,0,0,2,0,0,0,0,2,2,2,P:14,雪球:3,38,91.1%
985,24,44,28,47,19,20,1,3,0,0,2,0,2,0,0,0,2,2,R:25,雪球:2,40,76.4%
986,21,41,48,24,29,20,0,3,0,0,2,0,0,2,0,0,2,2,G:27,雪球:2,40,72.6%
987,19,41,41,37,23,20,0,4,1,0,2,2,0,0,0,0,2,2,B:14,雪球:3,38,94.2%
988,16,43,36,26,41,20,0,4,0,0,2,0,0,0,2,0,2,2,Y:17,雪球:3,39,89.0%
989,34,33,31,26,39,20,0,3,0,0,2,0,0,0,0,2,2,2,P:23,雪球:2,40,82.2%
990,17,52,28,42,22,20,1,3,0,1,2,0,2,0,0,0,2,2,R:28,雪球:2,40,74.4%
991,41,28,34,19,41,20,0,3,0,0,2,0,0,2,0,0,2,2,G:21,雪球:2,39,83.7%
992,43,41,18,43,17,20,0,4,0,0,2,2,0,0,0,0,2,2,B:25,雪球:3,40,73.3%
993,21,46,38,17,41,20,0,3,0,0,2,0,0,0,2,0,2,2,Y:14,雪球:2,38,93.0%
994,41,34,48,17,21,20,0,4,1,0,2,0,0,0,0,2,2,2,P:15,雪球:3,38,92.7%
995,19,47,26,48,22,20,1,3,0,0,2,0,2,0,0,0,2,2,R:26,雪球:2,40,74.4%
996,18,43,46,26,29,20,0,4,0,0,2,0,0,2,0,0,2,2,G:26,雪球:3,40,71.2%
997,19,44,43,38,19,20,0,3,0,0,2,2,0,0,0,0,2,2,B:14,雪球:2,38,94.3%
998,21,41,39,19,43,20,0,3,0,0,2,0,0,0,2,0,2,2,Y:14,雪球:2,38,94.3%
999,39,42,22,26,33,20,0,3,0,1,2,0,0,0,0,2,2,2,P:20,雪球:2,39,90.3%
1000,27,50,21,41,21,20,1,5,0,0,2,0,2,0,0,0,2,2,R:28,雪球:3,40,63.4%